{
"type": "FeatureCollection",
"name": "trade-zones",
"crs": { "type": "name", "properties": { "name": "urn:ogc:def:crs:OGC:1.3:CRS84" } },
"features": [
{ "type": "Feature", "properties": { "id": "zone_1" }, "geometry": { "type": "MultiPolygon", "coordinates": [ [ [ [ 561.127088678658993, -567.791047791557048 ], [ 573.0179740953281, -567.8682613332237 ], [ 575.681841282828714, -570.956802999891124 ], [ 578.036854303662608, -576.284537374892238 ], [ 580.469080866163381, -577.828808208225951 ], [ 579.195057428663063, -580.569888937393216 ], [ 574.407817845328623, -584.353352479060732 ], [ 571.898377741161426, -586.940006124894694 ], [ 571.859770970327986, -595.047427999896286 ], [ 569.118690241160721, -598.44482383323043 ], [ 569.118690241160721, -601.996646749897877 ], [ 570.9332084703276, -605.162401958231726 ], [ 571.126242324494342, -612.922362895733499 ], [ 569.58197149116063, -616.705826437401015 ], [ 577.573573053662471, -616.898860291567644 ], [ 585.25632044949748, -610.992024354066302 ], [ 590.584054824498708, -611.185058208233045 ], [ 594.869406386999685, -611.995800395733227 ], [ 601.200916803667724, -608.675618104065734 ], [ 612.937375137003642, -598.8694983123969 ], [ 615.524028782837718, -595.935383729062437 ], [ 618.11068242867168, -592.113313416561596 ], [ 621.894145970339196, -591.997493104061505 ], [ 625.175721491173249, -594.352506124895399 ], [ 636.873573053675841, -590.028547791561095 ], [ 640.155148574509894, -589.95133424989433 ], [ 645.28984909534438, -593.773404562395172 ], [ 649.073312637011895, -598.522037374896172 ], [ 652.818169407845971, -601.45615195823018 ], [ 654.169406387012941, -604.27444622906421 ], [ 651.621359512012305, -607.980696229065074 ], [ 648.069536595344857, -611.686946229065938 ], [ 647.065760553677933, -615.315982687400037 ], [ 646.756906387011213, -621.647493104068189 ], [ 644.672140762010713, -623.693651958235137 ], [ 645.058208470344084, -627.592935812402743 ], [ 648.185356907844834, -632.302961854070418 ], [ 653.706125137012805, -636.897167583238229 ], [ 659.535747532847381, -638.32561810407185 ], [ 666.484966282848973, -640.912271749905813 ], [ 675.557557428684277, -642.109081645739593 ], [ 678.260031387018216, -639.985709249905767 ], [ 683.433338678686027, -639.947102479072441 ], [ 696.019145970355567, -644.965982687406836 ], [ 707.871424616191575, -646.240006124907154 ], [ 727.213416803695964, -654.038573833242253 ], [ 735.089198053697714, -655.273990499909019 ], [ 733.77656784536407, -664.230761333244345 ], [ 730.301958470363275, -666.469954041578148 ], [ 728.217192845362888, -671.566047791579308 ], [ 723.970448053694895, -679.982323833248074 ], [ 728.719080866196009, -682.182909770748438 ], [ 731.846229303696759, -680.986099874914771 ], [ 735.861333470364229, -674.924836854080127 ], [ 738.834054824531563, -674.731802999913384 ], [ 743.428260553699147, -670.060383729078808 ], [ 749.10345586620042, -661.914355083243663 ], [ 752.655278782867981, -660.949185812410064 ], [ 756.554562637035474, -663.651659770744004 ], [ 755.743820449535292, -670.832519145745664 ], [ 754.392583470368322, -674.30712852074646 ], [ 756.438742324535497, -676.584927999913589 ], [ 761.843690241203376, -672.801464458246073 ], [ 761.920903782870027, -666.933235291578171 ], [ 766.862570449537657, -662.686490499910178 ], [ 772.151698053705445, -660.717545187409769 ], [ 771.920057428705377, -656.123339458242071 ], [ 783.077414199541408, -649.135513937407268 ], [ 790.798768366209856, -649.907649354074124 ], [ 790.837375137043182, -657.899250916575852 ], [ 801.10677617871238, -657.088508729075784 ], [ 809.986333470381055, -665.968066020744232 ], [ 814.966606907882124, -665.89085247907758 ], [ 815.198247532882192, -661.991568624909974 ], [ 810.604041803714495, -657.435969666575716 ], [ 804.002283991213062, -649.869042583240685 ], [ 803.847856907879418, -642.186295187405563 ], [ 799.678325657878418, -638.943326437404835 ], [ 795.508794407877531, -639.097753520738252 ], [ 790.567127741209674, -642.997037374905744 ], [ 787.131125137042318, -642.997037374905744 ], [ 784.853325657875075, -640.642024354071964 ], [ 785.278000137041886, -638.016763937404676 ], [ 787.092518366208992, -635.159862895737319 ], [ 787.131125137042204, -627.824576437402243 ], [ 790.335487116209265, -620.836750916567325 ], [ 793.346815241209924, -617.130500916566461 ], [ 797.400526178710834, -616.898860291566393 ], [ 800.797922012044864, -621.029784770734068 ], [ 805.894015762046024, -621.029784770734068 ], [ 811.298963678713903, -615.972297791566234 ], [ 810.951502741213858, -613.964745708232499 ], [ 805.469341282879554, -611.609732687398491 ], [ 809.677479303713767, -609.988248312398127 ], [ 816.240630345381874, -608.868651958231226 ], [ 821.568364720383101, -612.227441020731931 ], [ 825.892323053717405, -616.358365499899492 ], [ 828.94225794955139, -622.651269145734318 ], [ 828.942257949551276, -627.670149354068599 ], [ 826.162570449550685, -634.19469362490338 ], [ 827.668234512050958, -637.785123312404153 ], [ 832.802935032885443, -639.368000916571191 ], [ 837.976242324553255, -644.965982687405813 ], [ 841.103390762053664, -644.850162374905835 ], [ 842.840695449554119, -643.074250916572055 ], [ 846.894406387055028, -641.800227479071737 ], [ 849.596880345388968, -642.610969666571918 ], [ 857.781515762057438, -650.216503520740389 ], [ 862.993429824558689, -659.559342062409087 ], [ 867.240174616226341, -667.087662374910792 ], [ 871.100851699560508, -672.492610291578671 ], [ 871.023638157893743, -676.89378216657974 ], [ 877.972856907895334, -679.750683208247096 ], [ 885.076502741230229, -683.070865499914476 ], [ 883.841086074563123, -689.054914979082355 ], [ 884.922075657896698, -693.687727479083378 ], [ 882.33542201206285, -696.930696229084106 ], [ 878.551958470394993, -706.196321229085925 ], [ 875.424810032894243, -709.55511029158663 ], [ 868.012310032892628, -713.338573833254145 ], [ 864.769341282891901, -720.094758729088994 ], [ 860.870057428724408, -721.214355083255896 ], [ 848.091216282888126, -721.059927999922934 ], [ 844.500786595387353, -723.49215456242348 ], [ 841.759705866220088, -727.352831645757647 ], [ 841.991346491219701, -742.98857383326083 ], [ 838.980018366219042, -750.864355083262581 ], [ 835.891476699551617, -758.894563416597748 ], [ 835.968690241218383, -761.828677999931756 ], [ 839.057231907885694, -767.619693624933007 ], [ 838.825591282885625, -784.915526958270334 ], [ 835.428195449551595, -790.243261333271562 ], [ 832.7257214912172, -799.045605083273585 ], [ 829.791606907883306, -802.829068624941101 ], [ 827.706841282882806, -803.755631124941374 ], [ 828.71061732454973, -807.384667583275473 ], [ 834.192778782884261, -813.175683208276723 ], [ 838.980018366218701, -809.701073833276041 ], [ 844.191932428719724, -807.847948833275495 ], [ 847.512114720387217, -803.717024354107934 ], [ 849.905734512054437, -805.145474874941328 ], [ 855.88978399122243, -804.025878520774427 ], [ 861.256125137056983, -794.953287374939123 ], [ 863.997205866224249, -795.146321229105752 ], [ 869.247726699558712, -797.308300395772903 ], [ 870.791997532892424, -801.477831645773904 ], [ 871.911593887059212, -813.716177999942829 ], [ 866.081971491224635, -817.499641541610345 ], [ 865.927544407891219, -821.669172791611231 ], [ 869.016086074558416, -826.147558208278951 ], [ 874.034966282892924, -827.267154562445853 ], [ 877.895643366227091, -830.046842062446558 ], [ 881.756320449561258, -836.146711854114528 ], [ 885.269536595395266, -841.397232687449218 ], [ 892.643429824563555, -851.898274354118257 ], [ 892.566216282896903, -854.098860291618507 ], [ 889.940955866229615, -856.608300395785818 ], [ 889.940955866229615, -860.353157166619894 ], [ 894.88262253289713, -864.136620708287523 ], [ 897.855343887064464, -867.920084249955039 ], [ 904.997596491232684, -873.286425395789593 ], [ 904.997596491232684, -876.490787374956994 ], [ 904.0324272203992, -878.18948529162401 ], [ 903.916606907899336, -881.77991497912501 ], [ 906.927935032899995, -884.829849874958995 ], [ 910.170903782900723, -885.795019145792594 ], [ 914.533468887068352, -885.949446229125897 ], [ 919.706776178736163, -883.903287374958836 ], [ 923.065565241236982, -880.969172791624828 ], [ 924.802869928737323, -881.239420187458222 ], [ 925.304757949570785, -887.339289979126193 ], [ 928.123052220404475, -888.7677404999597 ], [ 933.180539199572195, -888.883560812459677 ], [ 935.535552220406089, -887.648144145792685 ], [ 940.554432428740597, -892.126529562460405 ], [ 945.071424616241529, -897.299836854128216 ], [ 944.955604303741325, -901.083300395795959 ], [ 941.982882949573991, -907.221776958297369 ], [ 940.361398574573514, -912.009016541631468 ], [ 935.960226699572559, -920.656933208300075 ], [ 930.014783991238119, -921.197427999966862 ], [ 926.810422012070717, -922.625878520800484 ], [ 924.185161595403429, -927.335904562468158 ], [ 924.223768366236641, -929.961164979135333 ], [ 926.19271367873705, -933.165526958302735 ], [ 924.648442845403224, -935.250292583302894 ], [ 922.756711074569466, -936.794563416636493 ], [ 907.931711074566124, -936.910383729136583 ], [ 908.201958470399745, -942.006477479137743 ], [ 911.86960169956717, -946.677896749972206 ], [ 912.448703262067284, -949.418977479139244 ], [ 915.151177220401223, -951.96702435413988 ], [ 933.875461074572058, -952.160058208306509 ], [ 940.322791803740188, -949.998079041639357 ], [ 945.843560032908158, -952.97080039580635 ], [ 953.217453262076447, -954.32203737497332 ], [ 958.352153782910932, -958.452961854140995 ], [ 962.753325657911887, -964.359797791642336 ], [ 963.139393366245031, -967.100878520809943 ], [ 955.109185032909977, -966.869237895809874 ], [ 948.893494928741916, -964.089550395809283 ], [ 940.32279180373996, -958.028287374974525 ], [ 932.022336074571399, -958.105500916641176 ], [ 923.799093887069262, -960.846581645808556 ], [ 914.108794407900405, -961.11682904164195 ], [ 911.17467982456651, -964.321191020809238 ], [ 910.981645970399768, -970.150813416643928 ], [ 905.846945449565169, -973.432388937477526 ], [ 901.059705866230729, -979.570865499978936 ], [ 900.905278782897426, -982.813834249979664 ], [ 903.684966282898017, -984.087857687479868 ], [ 910.09369024123248, -984.203677999979959 ], [ 920.092843887068057, -987.060579041647202 ], [ 935.419731907904747, -987.060579041647202 ], [ 946.847336074574287, -992.079459249981369 ], [ 946.808729303740847, -996.635058208315741 ], [ 945.573312637073968, -1000.302701437483165 ], [ 948.275786595407681, -1006.595605083317537 ], [ 950.862440241241643, -1011.22841758331856 ], [ 950.939653782908181, -1017.096646749986235 ], [ 948.082752741240938, -1022.694628520820856 ], [ 947.194797012073991, -1035.087401958324108 ], [ 948.12135951207415, -1037.172167583324608 ], [ 951.982036595408431, -1038.175943624991532 ], [ 962.869145970410841, -1038.639224874991442 ], [ 966.575395970411705, -1035.85953737499085 ], [ 968.660161595412092, -1033.079849874990259 ], [ 974.065109512079971, -1028.755891541655956 ], [ 975.918234512080403, -1023.505370708321493 ], [ 976.535942845413956, -1019.876334249987281 ], [ 980.937114720414911, -1015.475162374986326 ], [ 982.867453262081995, -1009.29807904165159 ], [ 988.002153782916139, -1008.680370708317923 ], [ 991.283729303750192, -1005.167154562483802 ], [ 1001.437310032919186, -1000.920409770816264 ], [ 1006.687830866253648, -1000.881802999982824 ], [ 1009.158664199587633, -999.723599874982597 ], [ 1014.023117324588725, -1004.588052999983688 ], [ 1014.100330866256058, -1009.645539979151181 ], [ 1017.61354701209018, -1017.44410768748628 ], [ 1022.053325657924461, -1024.045865499987713 ], [ 1025.914002741258628, -1031.149511333322835 ], [ 1027.226632949592158, -1041.071451437491305 ], [ 1031.743625137093204, -1048.213704041659639 ], [ 1035.141020970427235, -1065.548144145830292 ], [ 1036.06758347042728, -1078.674446229166051 ], [ 1032.438547012093068, -1083.075618104167006 ], [ 1030.430994928759446, -1086.395800395834385 ], [ 1028.809510553759083, -1090.565331645835386 ], [ 1031.975265762092931, -1094.503222270836204 ], [ 1032.091086074592795, -1101.91572227083816 ], [ 1036.144797012093704, -1111.992089458340388 ], [ 1039.658013157927599, -1116.316047791674691 ], [ 1044.059185032928553, -1121.219107687509222 ], [ 1044.059185032928326, -1125.813313416676692 ], [ 1041.04785690792778, -1132.685318625011405 ], [ 1039.156125137093568, -1146.313508729181422 ], [ 1039.001698053760038, -1158.822102479184196 ], [ 1041.163677220427189, -1161.756217062518317 ], [ 1041.163677220427189, -1167.238378520852848 ], [ 1037.457427220426553, -1168.396581645853075 ], [ 1038.075135553759992, -1172.720539979187379 ], [ 1041.240890762094068, -1175.886295187521455 ], [ 1045.33320847042819, -1181.60009727085594 ], [ 1044.406645970427917, -1185.615201437523638 ], [ 1043.094015762093932, -1189.244237895857395 ], [ 1043.094015762093932, -1197.197232687525911 ], [ 1039.156125137092886, -1200.980696229193427 ], [ 1032.206906387091294, -1200.903482687526775 ], [ 1032.284119928758173, -1203.451529562527412 ], [ 1029.041151178757445, -1203.605956645860715 ], [ 1023.867843887089521, -1206.540071229194609 ], [ 1017.922401178754853, -1206.540071229194609 ], [ 1014.563612116254262, -1205.266047791694746 ], [ 1011.513677220420277, -1202.370539979194064 ], [ 1009.583338678753194, -1199.301301697943245 ], [ 1008.733989720419686, -1197.313053000026684 ], [ 1006.533403782919208, -1193.02770143752582 ], [ 1004.641672012085451, -1193.915657166692654 ], [ 1001.437310032918049, -1195.537141541693018 ], [ 998.271554824584086, -1199.513638937527276 ], [ 996.109575657917048, -1200.401594666693882 ], [ 991.824224095416071, -1200.362987895860442 ], [ 986.187635553748123, -1197.737727479193154 ], [ 978.697922012079857, -1197.428873312526548 ], [ 977.410713536388698, -1195.596496815812998 ], [ 972.48223190791191, -1195.53714154169279 ], [ 969.432297012077925, -1199.513638937527048 ], [ 966.768429824577311, -1200.633235291694064 ], [ 964.365264073448884, -1197.100251732449124 ], [ 964.336203262076765, -1193.761230083359123 ], [ 963.397286907533271, -1192.388080696714269 ], [ 958.352153782908772, -1192.603026958358896 ], [ 957.541411595408363, -1190.84641888544229 ], [ 958.467974095408636, -1189.49518190627532 ], [ 958.603097793325333, -1186.001269145857805 ], [ 959.857817845408817, -1183.935806906273683 ], [ 956.292426452228369, -1178.748887522381892 ], [ 952.773475397490529, -1175.442317322937924 ], [ 948.874191543322922, -1175.480924093771364 ], [ 948.488123834989551, -1178.376431906272046 ], [ 947.638774876656043, -1180.345377218772455 ], [ 947.36852748082265, -1194.16660117710876 ], [ 945.631222793322195, -1197.718424093775866 ], [ 943.893918105821854, -1197.37096315627582 ], [ 918.760910293316215, -1196.83046836460926 ], [ 915.67236862664879, -1196.598827739609305 ], [ 910.383241022481002, -1199.339908468776684 ], [ 901.542290501645653, -1199.532942322943427 ], [ 900.4095191723178, -1197.575721272369947 ], [ 897.604399876644493, -1197.56399701044279 ], [ 896.368983209977614, -1198.606379822943154 ], [ 888.879269668309234, -1198.606379822943154 ], [ 888.609022272475841, -1192.81536419794179 ], [ 886.099582168308643, -1190.614778260441199 ], [ 879.536431126639968, -1190.653385031274411 ], [ 877.413058730806142, -1191.927408468774729 ], [ 876.525103001639309, -1193.433072531275002 ], [ 873.590988418305301, -1193.587499614608532 ], [ 871.506222793304801, -1191.348306906274729 ], [ 871.54482956413824, -1188.336978781273956 ], [ 870.386626439137899, -1187.526236593773774 ], [ 867.954399876637353, -1187.757877218773729 ], [ 866.33291550163699, -1189.495181906274183 ], [ 860.040011855802277, -1189.34075482294088 ], [ 857.955246230801777, -1188.491405864607259 ], [ 855.098345189134534, -1190.460351177107668 ], [ 841.585975397464836, -1190.53756471877432 ], [ 839.037928522463972, -1188.607226177106895 ], [ 835.331678522463221, -1188.491405864606804 ], [ 830.698866022462084, -1186.406640239606531 ], [ 828.652707168295024, -1184.630728781272637 ], [ 825.757199355794341, -1185.673111593773001 ], [ 825.332524876627645, -1190.228710552107259 ], [ 827.571717584961448, -1193.703319927108168 ], [ 827.494504043294796, -1195.440624614608396 ], [ 818.807980605792636, -1195.440624614608851 ], [ 814.445415501625007, -1194.243814718775184 ], [ 811.820155084957719, -1192.62233034377482 ], [ 809.552420247300688, -1187.496516204857926 ], [ 806.029139459956355, -1185.402864197939834 ], [ 803.789946751622551, -1185.402864197939834 ], [ 800.70140508495524, -1187.487629822940335 ], [ 798.539425918288089, -1187.526236593773774 ], [ 797.342616022454536, -1188.60722617710735 ], [ 793.790793105786975, -1188.530012635440698 ], [ 791.821847793286565, -1187.526236593773774 ], [ 788.463058730785974, -1184.650032166689243 ], [ 786.764360814118959, -1183.43391888543897 ], [ 785.567550918285292, -1183.665559510438925 ], [ 785.47103399120158, -1186.503157166690016 ], [ 784.11979701203461, -1188.607226177107123 ], [ 782.247368626617572, -1189.360058208357259 ], [ 777.575949355783109, -1189.514485291690562 ], [ 774.680441543281972, -1187.468326437523501 ], [ 774.32561441300038, -1186.55029472247702 ], [ 769.815988418280881, -1186.503157166690016 ], [ 769.43525278580978, -1185.499357148831905 ], [ 766.688839980780017, -1185.499381125022182 ], [ 762.53861211619585, -1183.318098572938425 ], [ 760.588970189112047, -1182.198502218771637 ], [ 760.45384649119535, -1174.882519145852939 ], [ 759.450070449528425, -1174.22620404168606 ], [ 759.218429824528471, -1171.600943625018999 ], [ 756.322922012027789, -1169.091503520852029 ], [ 755.546097656256961, -1166.980055319584835 ], [ 752.616672012026925, -1167.89469362501859 ], [ 750.647726699526515, -1169.361750916685423 ], [ 749.219276178692894, -1171.600943625019227 ], [ 747.481971491192439, -1171.639550395852666 ], [ 746.555408991192508, -1170.481347270852439 ], [ 741.343494928691371, -1170.635774354185742 ], [ 741.575135553691439, -1173.569888937519863 ], [ 739.528976699524264, -1175.693261333353576 ], [ 737.560031387023855, -1175.423013937520182 ], [ 735.977153782856817, -1173.608495708353075 ], [ 733.583533991189711, -1173.724316020852939 ], [ 732.463937637022809, -1172.720539979186015 ], [ 730.108924616188688, -1172.759146750018772 ], [ 730.379172012022082, -1175.538834250019363 ], [ 729.220968887021741, -1176.812857687519681 ], [ 729.336789199521604, -1181.407063416687379 ], [ 728.641867324521513, -1182.603873312520818 ], [ 726.788742324521081, -1183.491829041687879 ], [ 726.286854303687619, -1187.62275352085544 ], [ 725.476112116187437, -1188.472102479188834 ], [ 724.781190241187232, -1192.525813416689743 ], [ 719.723703262019512, -1192.487206645856531 ], [ 716.519341282851883, -1196.232063416690607 ], [ 713.430799616184459, -1198.432649354190971 ], [ 711.616281387017466, -1196.733951437523956 ], [ 711.654888157850792, -1189.707519145855713 ], [ 707.716997532850087, -1189.630305604188834 ], [ 705.632231907849587, -1192.718847270856259 ], [ 704.396815241182708, -1194.687792583356668 ], [ 702.50508347034895, -1194.456151958356486 ], [ 701.288970189098563, -1197.448176697940653 ], [ 700.555441543265033, -1198.065885031274092 ], [ 700.632655084931685, -1204.281575135442154 ], [ 702.485780084932117, -1206.945442322942881 ], [ 702.408566543265238, -1211.308007427110851 ], [ 701.134543105764919, -1212.54342409377773 ], [ 695.613774876597063, -1212.582030864610942 ], [ 695.227707168263692, -1213.392773052111124 ], [ 693.760649876596631, -1213.585806906277867 ], [ 693.06572800159654, -1214.4737626354447 ], [ 689.62972539742907, -1214.550976177111579 ], [ 688.239881647428774, -1213.315559510444473 ], [ 688.548735814095494, -1207.75618451044329 ], [ 687.506353001595244, -1206.211913677109578 ], [ 687.122681693519439, -1204.609969213110617 ], [ 685.382980605761418, -1203.200585552109033 ], [ 683.645675918261077, -1200.575325135441744 ], [ 681.483696751593925, -1200.613931906274956 ], [ 681.09762904326044, -1201.617707947941881 ], [ 678.472368626593152, -1202.660090760442245 ], [ 677.391379043259576, -1203.625260031275729 ], [ 675.692681126592561, -1203.702473572942381 ], [ 673.91676966825878, -1201.733528260441972 ], [ 671.638970189091651, -1201.270247010441835 ], [ 667.739686334924158, -1200.189257427108259 ], [ 660.288579564089105, -1199.455728781274956 ], [ 658.782915501588832, -1200.691145447941835 ], [ 657.277251439088445, -1204.551822531276002 ], [ 654.574777480754506, -1207.79479128127673 ], [ 653.416574355754278, -1210.806119406277276 ], [ 653.377967584920839, -1216.365494406278685 ], [ 655.926014459921475, -1219.685676697946064 ], [ 657.431678522421748, -1221.191340760446337 ], [ 660.249972793255779, -1221.53880169794661 ], [ 660.558826959922612, -1223.276106385446838 ], [ 658.512668105755438, -1224.704556906280459 ], [ 656.543722793255029, -1227.831705343781096 ], [ 655.655767064087854, -1229.839257427114717 ], [ 655.501339980754437, -1235.939127218782914 ], [ 656.543722793254688, -1236.788476177116308 ], [ 656.350688939087945, -1238.525780864616763 ], [ 653.107720189087217, -1242.502278260451021 ], [ 649.748931126586513, -1242.42506471878437 ], [ 648.166053522419475, -1241.421288677117445 ], [ 646.892030084919156, -1241.344075135450794 ], [ 645.309152480752232, -1242.502278260451021 ], [ 638.861821751584102, -1242.540885031284461 ], [ 636.970089980750345, -1240.533332947950612 ], [ 635.348605605750095, -1240.571939718784051 ], [ 635.116964980750026, -1241.575715760450748 ], [ 633.495480605749663, -1241.961783468784233 ], [ 631.565142064082579, -1243.814908468784779 ], [ 631.526535293248912, -1247.289517843784779 ], [ 630.098084772415291, -1248.679361593785188 ], [ 628.515207168248253, -1248.833788677118491 ], [ 627.820285293248048, -1249.721744406285325 ], [ 626.623475397414495, -1249.760351177118764 ], [ 626.391834772414427, -1250.493879822952067 ], [ 621.952056126580146, -1250.300845968785552 ], [ 618.593267064079328, -1248.602148052118309 ], [ 613.574386855744933, -1248.254687114618719 ], [ 611.605441543244524, -1247.443944927118537 ], [ 608.130832168243728, -1250.41666628128587 ], [ 605.853032689076599, -1250.493879822952522 ], [ 605.389751439076008, -1251.420442322951885 ], [ 598.71078008490781, -1251.613476177118628 ], [ 597.089295709907447, -1252.42421836461881 ], [ 595.467811334907083, -1252.694465760452204 ], [ 591.182459772406105, -1257.597525656286507 ], [ 586.858501439071802, -1259.373437114620174 ], [ 580.642811334903854, -1261.612629822954432 ], [ 580.353724462025866, -1257.318151053356587 ], [ 578.210584772403649, -1253.389387635451612 ], [ 572.419569147402399, -1251.227408468784461 ], [ 568.172824355734747, -1249.7603511771174 ], [ 564.080506647400512, -1251.304622010451112 ], [ 562.999517064066936, -1249.451497010450566 ], [ 562.745817649745163, -1243.520208464821053 ], [ 567.941183730734679, -1237.48339805211458 ], [ 574.967616022402922, -1235.861913677114217 ], [ 579.600428522403945, -1231.846809510446747 ], [ 584.387668105738385, -1227.98613242711258 ], [ 587.012928522405673, -1227.136783468778958 ], [ 589.020480605739408, -1223.353319927111443 ], [ 586.086366022405514, -1216.790168885442881 ], [ 583.769959772404945, -1213.354166281275411 ], [ 580.835845189071051, -1210.342838156274865 ], [ 575.855571751569869, -1214.280728781275684 ], [ 567.941183730734792, -1218.913541281276821 ], [ 565.200103001567072, -1219.106575135443791 ], [ 558.984412897399011, -1212.929491802109169 ], [ 555.548410293231655, -1213.199739197942563 ], [ 552.189621230730836, -1216.905989197943427 ], [ 544.622694147395805, -1216.712955343776684 ], [ 541.727186334895237, -1213.856054302109442 ], [ 541.680788663184785, -1210.109859556739366 ], [ 534.198866022393531, -1204.08854128127382 ], [ 531.998280084893054, -1204.20436159377391 ], [ 530.222368626559273, -1206.75240846877432 ], [ 527.98317591822547, -1211.076366802108623 ], [ 522.192160293224106, -1213.276952739609214 ], [ 520.80231654322381, -1215.786392843776412 ], [ 516.864425918222992, -1218.0641923229432 ], [ 507.869048314054339, -1218.160709250026912 ], [ 505.629855605720536, -1215.496842062526184 ], [ 505.767752067189861, -1212.293430389825062 ], [ 508.87282435572115, -1209.89886029169179 ], [ 510.108241022388086, -1203.219888937523592 ], [ 515.358761855722605, -1201.907258729190062 ], [ 512.424647272388597, -1195.073860291688561 ], [ 510.06963425155476, -1194.610579041688425 ], [ 506.63363164738729, -1191.869498312521046 ], [ 503.197629043219877, -1192.023925395854576 ], [ 501.190076959886085, -1193.529589458354849 ], [ 498.642030084885505, -1197.081412375022182 ], [ 494.858566543217989, -1199.281998312522774 ], [ 496.866118626551781, -1206.42425091669088 ], [ 495.476274876551486, -1209.358365500025002 ], [ 486.673931126549462, -1214.454459250026275 ], [ 486.01761602238264, -1217.272753520860306 ], [ 486.249256647382708, -1221.326464458361215 ], [ 488.913123834883322, -1223.951724875028276 ], [ 494.549712376551213, -1225.341568625028685 ], [ 503.120415501553168, -1229.16363893752964 ], [ 505.321001439053646, -1235.765396750030959 ], [ 502.039425918219592, -1237.000813416697838 ], [ 499.993267064052475, -1237.116633729197929 ], [ 498.217355605718865, -1241.324771750032824 ], [ 496.827511855718569, -1247.308821229200703 ], [ 494.240858209884664, -1249.277766541701112 ], [ 490.109933730717046, -1249.08473268753437 ], [ 488.334022272383322, -1247.88792279170093 ], [ 485.438514459882697, -1247.656282166700748 ], [ 482.195545709881969, -1245.0696285208669 ], [ 481.693657689048507, -1241.208951437532733 ], [ 484.010063939049019, -1239.896321229198975 ], [ 484.345195489215996, -1235.335249863577019 ], [ 479.956353001548109, -1232.522428000030686 ], [ 477.060845189047313, -1230.437662375029959 ], [ 472.543853001546267, -1225.032714458362079 ], [ 468.142681126545313, -1225.727636333361943 ], [ 465.401600397377649, -1228.816178000029367 ], [ 462.737733209877035, -1237.039420187531277 ], [ 464.78389206404421, -1243.293717062532551 ], [ 465.015532689044278, -1247.926529562533688 ], [ 472.234998834879207, -1253.331477479201567 ], [ 470.845155084878911, -1256.18837852086881 ], [ 466.057915501544187, -1256.18837852086881 ], [ 462.969373834876876, -1258.23453737503587 ], [ 459.070089980709326, -1260.93701133336981 ], [ 452.545545709874489, -1261.207258729203204 ], [ 444.28369675153931, -1254.952961854201703 ], [ 439.612277480705018, -1248.814485291700521 ], [ 436.253488418204256, -1249.007519145867263 ], [ 433.010519668203415, -1251.053678000034324 ], [ 429.80615768903607, -1253.833365500034915 ], [ 428.879595189035854, -1253.563118104201521 ], [ 428.60934779320246, -1244.644954041699521 ], [ 429.96058477236943, -1243.486750916699293 ], [ 431.620675918203119, -1243.100683208365808 ], [ 435.056678522370589, -1240.47542279169852 ], [ 437.334478001537718, -1239.548860291698247 ], [ 438.45407435570462, -1237.541308208364626 ], [ 438.222433730704552, -1228.85478477086258 ], [ 437.56611862653773, -1227.735188416695564 ], [ 437.218657689037684, -1224.569433208361716 ], [ 438.376860814037911, -1222.986555604194564 ], [ 438.415467584871294, -1217.813248312526639 ], [ 440.963514459871874, -1214.801920187525866 ], [ 442.546392064038912, -1213.836750916692381 ], [ 441.040728001538525, -1211.597558208358578 ], [ 438.60850143903798, -1211.713378520858669 ], [ 433.280767064036809, -1214.570279562525911 ], [ 427.373931126535467, -1214.531672791692472 ], [ 425.984087376535172, -1212.485513937525411 ], [ 424.285389459867929, -1211.906412375025639 ], [ 423.436040501534421, -1210.284928000025275 ], [ 423.281613418201061, -1205.729329041690789 ], [ 424.594243626534706, -1204.300878520857168 ], [ 422.741118626534274, -1201.482584250023137 ], [ 418.57158737653333, -1200.32438112502291 ], [ 416.679855605699686, -1197.31305300002191 ], [ 416.834282689033046, -1191.329003520853803 ], [ 424.98031133486819, -1191.058756125020409 ], [ 433.705441543203506, -1194.996646750021455 ], [ 440.152772272371578, -1194.958039979188015 ], [ 443.279920709872329, -1191.637857687520636 ], [ 439.843918105704802, -1186.310123312519181 ], [ 432.933306126536593, -1182.874120708351711 ], [ 430.192225397369043, -1173.338248312516043 ], [ 429.883371230702323, -1163.223274354180376 ], [ 425.945480605701448, -1157.50947227084589 ], [ 425.984087376534774, -1149.826724875010768 ], [ 428.339100397368668, -1146.467935812510177 ], [ 434.593397272370055, -1142.530045187509131 ], [ 439.071782689037718, -1136.237141541674418 ], [ 439.033175918204279, -1131.218261333340024 ], [ 433.01051966820296, -1125.967740500005448 ], [ 431.697889459869259, -1117.397037375003492 ], [ 427.991639459868452, -1117.860318625003629 ], [ 426.524582168201448, -1120.253938416670735 ], [ 423.204399876534012, -1122.647558208338069 ], [ 421.119634251533569, -1122.338704041671235 ], [ 418.339946751532921, -1114.694563416669553 ], [ 418.764621230699788, -1110.216178000001946 ], [ 416.757069147365996, -1103.961881125000673 ], [ 418.146912897366292, -1100.796125916666597 ], [ 417.799451959866303, -1095.120930604165324 ], [ 415.830506647365894, -1092.225422791664641 ], [ 416.800574745226754, -1087.876721120534057 ], [ 419.691183730700061, -1087.901464458330338 ], [ 422.200623834867315, -1090.681151958330929 ], [ 423.204399876534183, -1101.72268841666687 ], [ 426.640402480701653, -1102.031542583333476 ], [ 437.488905084870737, -1099.985383729166415 ], [ 447.140597793206211, -1104.5409826875009 ], [ 453.896782689041061, -1109.907323833335113 ], [ 457.95049362654197, -1109.984537375001992 ], [ 459.108696751542254, -1108.40165977083484 ], [ 458.877056126542186, -1101.259407166666506 ], [ 455.132199355707883, -1094.03994102083152 ], [ 450.576600397373454, -1086.43440716666305 ], [ 448.877902480706382, -1081.145279562495261 ], [ 448.684868626539583, -1074.311881124993533 ], [ 450.402869928623375, -1071.648013937492806 ], [ 446.27194544945587, -1063.308951437491487 ], [ 446.00169805362242, -1060.104589458323971 ], [ 451.020578261956871, -1056.01227174998985 ], [ 453.336984511957439, -1057.093261333323426 ], [ 460.3248100327923, -1057.209081645823289 ], [ 462.87285690779288, -1054.892675395822835 ], [ 463.545359584027153, -1050.229525704618027 ], [ 459.070089980708588, -1045.260286072903909 ], [ 454.282850397374204, -1044.333723572903864 ], [ 445.750754043205575, -1044.102082947903682 ], [ 441.50400925153798, -1046.534309510404228 ], [ 438.454074355703938, -1050.433593364571834 ], [ 434.207329564036343, -1050.240559510405092 ], [ 434.052902480702983, -1035.763020447901908 ], [ 440.036951959871033, -1032.790299093734347 ], [ 446.522889459872488, -1029.663150656233711 ], [ 450.731027480706757, -1026.26575482289968 ], [ 459.41755091820869, -1032.558658468734393 ], [ 471.308436334878024, -1036.882616802068696 ], [ 472.54385300154496, -1034.720637635401545 ], [ 473.118047794489542, -1030.298775682410451 ], [ 473.200168105711782, -1022.752538677065445 ], [ 470.767941543211066, -1019.741210552064445 ], [ 467.409152480710361, -1017.347590760397225 ], [ 466.598410293210179, -1015.031184510396656 ], [ 467.23894152724796, -1010.72368108356909 ], [ 475.169113418212078, -1007.541470968728277 ], [ 478.103228001546086, -1007.502864197894951 ], [ 479.145610814046279, -1008.313606385395133 ], [ 481.114556126546745, -1008.854101177061921 ], [ 484.936626439047586, -1010.938866802062421 ], [ 488.102381647381662, -1007.348437114561648 ], [ 488.598157773009461, -1002.524856690253046 ], [ 492.464946751549178, -998.19863242705992 ], [ 493.545936334882754, -995.225911072892586 ], [ 490.2643608140487, -991.75130169789179 ], [ 487.716313939048121, -987.27291628122407 ], [ 486.519504043214511, -985.188150656223684 ], [ 486.899868293744817, -981.790406473120811 ], [ 489.337798314048314, -979.358528260388653 ], [ 491.345350397382049, -980.709765239555622 ], [ 491.692811334882151, -983.528059510389653 ], [ 492.889621230715761, -984.647655864556555 ], [ 496.364230605716557, -984.377408468723161 ], [ 497.483826959883459, -983.566666281222979 ], [ 499.375558730717216, -983.759700135389608 ], [ 503.197629043218058, -985.767252218723456 ], [ 506.440597793218785, -983.528059510389653 ], [ 512.154399876553498, -983.721093364556395 ], [ 513.080962376553657, -984.493228781223252 ], [ 516.208110814054407, -984.531835552056577 ], [ 519.219438939055067, -981.59772096872257 ], [ 519.991574355721923, -978.856640239555304 ], [ 521.574451959888961, -977.23515586455494 ], [ 523.118722793222673, -972.525129822887266 ], [ 524.547173314056295, -972.370702739553963 ], [ 524.238319147389234, -951.831900656215794 ], [ 521.30420456405534, -948.666145447881718 ], [ 517.945415501554521, -948.280077739548233 ], [ 519.644113418221878, -946.253222270797664 ], [ 523.987375136972787, -943.647265239547096 ], [ 530.396099095307591, -941.929263937463361 ], [ 530.724256647391144, -936.389192322878898 ], [ 533.272303522391439, -934.536067322878466 ], [ 539.217746230726107, -930.443749614544231 ], [ 539.912668105726311, -926.583072531210064 ], [ 540.414556126559773, -925.57929648954314 ], [ 540.341265794468768, -921.644928662244979 ], [ 541.495545709893349, -921.100911072875419 ], [ 542.730962376560342, -917.510481385374646 ], [ 544.3331433661441, -915.483625916624192 ], [ 545.549256647394373, -914.769400656207381 ], [ 544.545480605727448, -913.437467062457017 ], [ 541.64997279322688, -911.159667583289888 ], [ 537.557655084892417, -906.642675395788501 ], [ 537.478987861708674, -899.694128727086422 ], [ 538.619341282809273, -898.612467062453106 ], [ 540.665500136976448, -896.353970968702583 ], [ 541.205994928643349, -893.535676697868439 ], [ 544.062895970310592, -892.300260031201447 ], [ 548.425461074478221, -890.408528260367689 ], [ 548.29058491172816, -887.422716034460109 ], [ 547.421685032811411, -886.586457947866847 ], [ 546.37930222031116, -879.791666281198673 ], [ 545.529953261977653, -876.664517843697922 ], [ 543.406580866143941, -874.734179302030952 ], [ 541.476242324476857, -874.386718364530793 ], [ 541.359117783498391, -869.724059967106541 ], [ 544.140109511977357, -867.476106385362641 ], [ 545.607166803644418, -864.773632427028701 ], [ 548.232427220311592, -863.46100221869483 ], [ 552.865239720312616, -863.306575135361527 ], [ 555.181645970313184, -864.8122391978618 ], [ 558.887895970314048, -863.76985638536155 ], [ 555.837961074479949, -858.67376263536039 ], [ 553.56016159531282, -857.515559510360163 ], [ 552.363351699479153, -854.735872010359458 ], [ 553.830408991146214, -851.917577739525427 ], [ 550.317192845312093, -850.566340760358457 ], [ 545.568560032810979, -850.025845968691669 ], [ 542.827479303643713, -849.40813763535823 ], [ 540.086398574476448, -850.411913677025154 ], [ 537.731385553642554, -850.566340760358457 ], [ 536.573182428642326, -851.570116802025382 ], [ 533.137179824474856, -851.338476177025314 ], [ 532.365044407808, -846.782877218690942 ], [ 536.032687636975538, -844.736718364523881 ], [ 536.611789199475652, -838.752668885356002 ], [ 534.4498100328085, -835.85716107285532 ], [ 532.133403782808045, -832.38255169785441 ], [ 528.272726699473878, -832.421158468687736 ], [ 527.114523574473651, -831.185741802020857 ], [ 527.230237149510799, -826.473816959709552 ], [ 526.033533991140075, -825.664973572852773 ], [ 523.504790501556158, -825.008658468686008 ], [ 521.420024876555658, -823.155533468685462 ], [ 520.223214980722105, -820.916340760351659 ], [ 521.111170709888938, -819.603710552018015 ], [ 523.697824355722787, -818.213866802017719 ], [ 525.242095189056499, -815.47278607285034 ], [ 528.793918105723947, -812.113997010349635 ], [ 531.303358209891258, -813.040559510349794 ], [ 531.450199352563459, -797.63417783412433 ], [ 532.654595189058227, -796.825715760345702 ], [ 532.708017947292205, -784.664478437978005 ], [ 531.457785293224902, -783.583593364509511 ], [ 535.511496230725811, -780.996939718675549 ], [ 535.475969621635159, -776.7917110952352 ], [ 531.226144668225061, -774.240754822840472 ], [ 528.523670709891121, -773.275585552006874 ], [ 526.245871230723992, -771.692707947839835 ], [ 523.234543105723333, -770.30286419783954 ], [ 522.385194147389825, -768.874413677005919 ], [ 523.890858209890098, -767.291536072838881 ], [ 526.593332168224038, -767.330142843672206 ], [ 530.608436334891621, -765.670051697838517 ], [ 532.345741022392076, -759.184114197837062 ], [ 532.382869193847455, -753.741339498294678 ], [ 531.11032435572497, -751.964648052001849 ], [ 539.487993626560183, -747.602082947834219 ], [ 539.36026413565844, -743.564388243739927 ], [ 535.858957168225174, -743.644888937415431 ], [ 533.195089980724788, -741.598730083248256 ], [ 530.299582168224106, -739.552571229081195 ], [ 528.485063939057682, -737.023827739498529 ], [ 524.315532689056681, -734.166926697831173 ], [ 519.373866022388938, -733.549218364497733 ], [ 518.138449355721946, -732.391015239497506 ], [ 518.460708325037217, -728.897407754761502 ], [ 516.362537897388279, -727.372135031162998 ], [ 514.432199355721195, -722.353254822828603 ], [ 513.505636855720923, -718.917252218661247 ], [ 509.644959772386756, -716.639452739494004 ], [ 505.668462376552498, -714.438866801993527 ], [ 502.232459772385084, -710.732616801992663 ], [ 500.379334772384652, -709.497200135325784 ], [ 501.653358209884971, -707.258007426991981 ], [ 501.228683730718274, -701.428385031156949 ], [ 496.287017064050531, -696.949999614489229 ], [ 495.592095189050156, -695.367122010321964 ], [ 493.275688939049644, -693.359569926988115 ], [ 491.692811334882606, -690.965950135321009 ], [ 488.642876439048564, -687.993228781153675 ], [ 486.944178522381549, -685.676822531153107 ], [ 484.010063939047541, -682.974348572819167 ], [ 483.817030084880855, -679.692773051985114 ], [ 475.748214980712362, -679.42252565615172 ], [ 475.671001439045654, -677.453580343651311 ], [ 473.509022272378445, -676.604231385317803 ], [ 471.810324355711373, -674.480858989483977 ], [ 470.343267064044426, -672.24166628115006 ], [ 470.188839980711009, -667.299999614482317 ], [ 471.462863418211327, -666.29622357281562 ], [ 473.509022272378445, -661.084309510314483 ], [ 475.716324647461079, -657.520192457447251 ], [ 475.477967584878968, -650.814908468645172 ], [ 473.43180873071185, -648.614322531144694 ], [ 473.27738164737849, -644.792252218643853 ], [ 475.671001439045654, -643.209374614476815 ], [ 477.401300967718271, -640.844535957486528 ], [ 480.342420709880059, -638.692382426975882 ], [ 482.465793105713772, -634.175390239474609 ], [ 483.237928522380571, -631.434309510307344 ], [ 484.048670709880753, -626.222395447806207 ], [ 486.905571751548052, -624.948372010305889 ], [ 487.291639459881253, -617.26562461447088 ], [ 488.140988418214761, -613.250520447803297 ], [ 480.689881647379764, -610.972720968636168 ], [ 481.307589980713374, -607.266470968635304 ], [ 483.467880245110621, -605.478836746899447 ], [ 486.86696498071467, -606.185481385301728 ], [ 488.256808730714965, -608.193033468635576 ], [ 492.773800918215954, -608.154426697802251 ], [ 498.912277480717364, -610.393619406136054 ], [ 501.962212376551349, -613.289127218636736 ], [ 502.888774876551565, -616.725129822804092 ], [ 505.436821751552145, -620.354166281138305 ], [ 508.216509251552793, -621.975650656138669 ], [ 512.733501439053839, -623.365494406138851 ], [ 517.30840378280493, -625.199316020722677 ], [ 521.651665501555726, -627.901789979056502 ], [ 526.979399876556954, -631.916894145724086 ], [ 529.913514459890962, -632.341568624890897 ], [ 535.086821751558773, -634.966829041558071 ], [ 540.684803522393395, -635.005435812391397 ], [ 540.877837376560137, -627.322688416556389 ], [ 539.256353001559773, -624.620214458222449 ], [ 536.206418105725675, -623.153157166555502 ], [ 537.171587376559273, -619.446907166554638 ], [ 539.294959772392872, -615.315982687387191 ], [ 545.742290501561001, -615.393196229053842 ], [ 552.112407689062366, -616.203938416554024 ], [ 553.232004043229267, -614.852701437387054 ], [ 552.923149876562547, -611.14645143738619 ], [ 549.216899876561683, -609.447753520719175 ], [ 546.784673314061138, -607.247167583218697 ], [ 543.696131647393827, -607.208560812385372 ], [ 540.916444147393236, -608.057909770718879 ], [ 537.596261855725743, -608.289550395718948 ], [ 529.720480605723992, -614.273599874886941 ], [ 522.307980605722378, -611.957193624886372 ], [ 510.378488418219774, -609.293326437385758 ], [ 508.100688939052532, -607.71044883321872 ], [ 508.100688939052532, -604.004198833217856 ], [ 512.92653529322024, -598.599250916549977 ], [ 516.130897272387642, -597.170800395716356 ], [ 525.589556126556431, -592.074706645715196 ], [ 529.681873834890666, -589.179198833214627 ], [ 529.797694147390644, -584.198925395713445 ], [ 526.284478001556522, -581.766698833212899 ], [ 526.863579564056522, -576.825032166545157 ], [ 526.824972793223196, -571.999185812377391 ], [ 525.164881647389507, -569.451138937376868 ], [ 528.485063939056886, -565.397427999875958 ], [ 533.677674616152785, -563.930370708222881 ], [ 539.854757949487521, -566.169563416556684 ], [ 545.298312636988726, -566.015136333223268 ], [ 551.70703659532353, -563.698730083222813 ], [ 561.127088678658993, -567.791047791557048 ] ] ], [ [ [ 913.346310683937418, -719.737646098878372 ], [ 916.164604954771562, -723.675536723879191 ], [ 919.060112767271789, -726.339403911379577 ], [ 920.411349746438759, -732.091812765547616 ], [ 924.310633600606252, -735.913883078048457 ], [ 924.812521621439714, -740.160627869715995 ], [ 922.727755996439555, -743.056135682216791 ], [ 919.021505996438691, -743.017528911383465 ], [ 913.500737767270834, -738.809390890549253 ], [ 908.597677871436304, -734.948713807214972 ], [ 903.926258600601955, -729.659586203047184 ], [ 898.830164850600795, -725.258414328046001 ], [ 891.417664850598953, -725.142594015546138 ], [ 888.058875788098135, -722.826187765545683 ], [ 887.904448704764491, -719.467398703044637 ], [ 890.674629478712291, -716.378303212457354 ], [ 893.618250788099203, -711.051122661375757 ], [ 896.282117975599817, -706.842984640541431 ], [ 899.602300267267083, -703.098127869707355 ], [ 905.007248183935531, -700.39565391137387 ], [ 906.3584851631025, -703.98608359887487 ], [ 907.70972214226947, -708.580289328042568 ], [ 911.068511204770289, -714.757372661377303 ], [ 913.346310683937418, -719.737646098878372 ] ] ], [ [ [ 949.134787246445171, -706.804377869708105 ], [ 952.377755996445899, -706.958804953041408 ], [ 957.280815892280316, -711.977685161375916 ], [ 957.203602350613664, -715.876969015543409 ], [ 952.918250788112687, -714.525732036376439 ], [ 950.524630996445467, -717.112385682210402 ], [ 947.050021621444785, -720.162320578044387 ], [ 946.934201308944694, -722.942008078045092 ], [ 950.872091933945285, -733.211409119714176 ], [ 951.373979954778747, -744.947867453050094 ], [ 952.223328913112255, -747.38009401555064 ], [ 951.180946100612232, -749.812320578051185 ], [ 946.741167454777838, -750.159781515551231 ], [ 943.845659642277155, -746.530745057217132 ], [ 940.178016413109731, -743.01752891138301 ], [ 936.896440892275677, -741.666291932216041 ], [ 936.742013808942261, -737.767008078048548 ], [ 943.305164850610367, -733.288622661380828 ], [ 943.305164850610367, -731.551317973880487 ], [ 937.552755996442443, -728.153922140546342 ], [ 936.664800267275609, -722.285692973878326 ], [ 929.754188288107457, -720.586995057211197 ], [ 929.368120579774086, -718.347802348877394 ], [ 938.942599746442966, -712.24793255720931 ], [ 943.922873183944034, -710.819482036375689 ], [ 949.134787246445171, -706.804377869708105 ] ] ], [ [ [ 848.873003392255555, -782.048974223891832 ], [ 848.602755996422161, -772.513101828056392 ], [ 845.012326308921047, -765.756916932221543 ], [ 845.128146621421024, -761.973453390554027 ], [ 847.193608861004918, -758.074169536386535 ], [ 851.266623183922547, -755.004931255135716 ], [ 851.189409642255896, -752.341064067635216 ], [ 849.876779433922252, -751.491715109301595 ], [ 850.10842005892232, -747.360790630134034 ], [ 852.347612767255782, -746.936116150966996 ], [ 853.814670058922843, -744.889957296799821 ], [ 854.046310683922911, -742.071663025965904 ], [ 857.366492975590404, -738.867301046798502 ], [ 860.918315892257851, -735.122444275964313 ], [ 870.338367975593314, -735.045230734297661 ], [ 873.118055475593906, -737.361636984298116 ], [ 872.307313288093724, -740.02550417179873 ], [ 869.778237854747317, -744.643887984792968 ], [ 869.836479954759852, -747.939892192633806 ], [ 872.731987767260421, -750.06326458846786 ], [ 875.627495579761103, -757.746011984302982 ], [ 879.140711725595224, -757.166910421802868 ], [ 883.117209121429369, -754.116975525968769 ], [ 885.201974746429869, -754.194189067635534 ], [ 887.248133600597043, -759.753564067636717 ], [ 886.823459121430119, -762.340217713470452 ], [ 883.77352422559602, -765.274332296804459 ], [ 879.785185936555195, -768.051857781382068 ], [ 874.219794409842279, -771.927661606642573 ], [ 873.851584121427209, -779.771174744724362 ], [ 870.97537969434336, -783.824885682225045 ], [ 860.512944798507647, -783.902099223891696 ], [ 857.269976048507033, -786.295719015558802 ], [ 853.437874800668283, -788.28121040034523 ], [ 849.123947402671888, -794.017073182227136 ], [ 842.888953913087448, -793.746825786394311 ], [ 843.043380996420865, -788.033023703059825 ], [ 848.873003392255555, -782.048974223891832 ] ] ], [ [ [ 873.291785944343815, -789.61590130722584 ], [ 875.299338027677663, -785.021695578058143 ], [ 884.101681777679573, -783.709065369724613 ], [ 886.186447402680074, -781.662906515557438 ], [ 887.113009902680346, -776.605419536389604 ], [ 889.390809381847475, -773.594091411388831 ], [ 891.707215631848044, -772.12703411972177 ], [ 893.714767715181779, -768.768245057221066 ], [ 896.610275527682461, -766.0271643280538 ], [ 899.93045781934984, -767.146760682220702 ], [ 902.131043756850431, -770.466942973888081 ], [ 904.486056777684212, -773.594091411388831 ], [ 907.922059381851682, -776.837060161389559 ], [ 910.431499486018879, -777.068700786389513 ], [ 912.091590631852682, -781.508479432223908 ], [ 912.979546361019516, -785.639403911391469 ], [ 915.218739069352978, -790.040575786392424 ], [ 917.921213027686917, -792.279768494726227 ], [ 918.191460423520311, -795.792984640560348 ], [ 919.002202611020493, -797.22143516139397 ], [ 917.226291152686827, -802.626383078061849 ], [ 917.264897923520152, -807.954117453062736 ], [ 919.15662969435391, -810.270523703063304 ], [ 921.974923965187827, -810.231916932229979 ], [ 923.866655736021585, -808.842073182229683 ], [ 926.800770319355593, -811.583153911396948 ], [ 927.148231256855638, -820.771565369732343 ], [ 931.781043756856661, -821.19623984889904 ], [ 932.900640111023677, -824.825276307233253 ], [ 932.939246881857002, -829.844156515567647 ], [ 935.873361465190897, -830.191617453067465 ], [ 937.417632298524495, -834.206721619735049 ], [ 938.961903131858207, -834.438362244735117 ], [ 938.614442194358162, -837.256656515569148 ], [ 936.14360886102429, -837.604117453069193 ], [ 933.441134902690351, -839.07117474473614 ], [ 927.495692194355684, -835.094677348901996 ], [ 925.990028131855297, -831.040966411401087 ], [ 920.314832819354024, -829.882763286400746 ], [ 915.952267715186395, -824.632242453066283 ], [ 913.172580215185803, -825.249950786399722 ], [ 910.19985886101847, -827.180289328066806 ], [ 908.771408340184735, -830.963752869734321 ], [ 906.763856256851, -831.813101828067829 ], [ 902.324077611016605, -832.160562765567988 ], [ 900.162098444349454, -833.859260682235004 ], [ 895.336252090181574, -834.013687765568079 ], [ 893.174272923514422, -831.928922140567579 ], [ 887.113009902679778, -832.199169536400973 ], [ 886.070627090179528, -826.253726828066306 ], [ 884.17889531934577, -826.369547140566283 ], [ 880.549858861011558, -826.910041932233071 ], [ 875.106304173510239, -822.972151307232139 ], [ 871.593088027676117, -822.701903911398745 ], [ 871.542879862299628, -820.075389260138991 ], [ 877.075249486010762, -818.7254065155646 ], [ 876.360214724367779, -815.403662749450632 ], [ 875.917046361010534, -805.290250265561554 ], [ 874.295561986010171, -798.495458598893379 ], [ 873.948101048510011, -794.325927348892492 ], [ 871.168413548509193, -792.781656515559121 ], [ 870.97537969434336, -790.388036723892697 ], [ 873.291785944343815, -789.61590130722584 ] ] ] ] } },
{ "type": "Feature", "properties": { "id": "zone_2" }, "geometry": { "type": "MultiPolygon", "coordinates": [ [ [ [ 550.401013678005029, -1241.900240949648378 ], [ 549.963513678004688, -1246.462740949651561 ], [ 551.526013678005825, -1248.337740949652698 ], [ 550.83851367800537, -1250.775240949654517 ], [ 547.651013678003096, -1251.087740949654744 ], [ 545.088513678001391, -1249.15024094965338 ], [ 545.088513678001391, -1244.275240949649969 ], [ 538.838513677997071, -1241.150240949647923 ], [ 539.026013677997298, -1237.650240949645422 ], [ 546.4635136780023, -1233.025240949642239 ], [ 548.963513678004006, -1234.150240949643148 ], [ 547.838513678003324, -1239.712740949646786 ], [ 550.401013678005029, -1241.900240949648378 ] ] ], [ [ [ 539.338513677997526, -1253.275240949656109 ], [ 541.651013677999117, -1253.150240949656109 ], [ 543.901013678000595, -1255.5252409496577 ], [ 545.026013678001391, -1260.025240949660656 ], [ 544.651013678001163, -1265.150240949664294 ], [ 541.151013677998776, -1265.087740949664294 ], [ 539.651013677997753, -1263.025240949662702 ], [ 533.088513677993205, -1263.462740949663157 ], [ 528.71351367799025, -1260.400240949661111 ], [ 527.776013677989567, -1258.587740949659747 ], [ 529.338513677990704, -1256.275240949658155 ], [ 537.901013677996502, -1254.962740949657245 ], [ 539.338513677997526, -1253.275240949656109 ] ] ], [ [ [ 1016.780080691885701, -1252.381407202660057 ], [ 1015.635388678321192, -1255.993990949619501 ], [ 1012.572888678319032, -1258.181490949621093 ], [ 1010.16663867831744, -1261.509615949623367 ], [ 1010.29163867831744, -1284.759615949639283 ], [ 1005.979138678314484, -1291.884615949644058 ], [ 1002.354138678311983, -1292.197115949644285 ], [ 998.97913867830971, -1293.822115949645422 ], [ 991.104138678304366, -1294.134615949645649 ], [ 985.854138678301069, -1292.634615949644513 ], [ 982.166638678298455, -1296.009615949646786 ], [ 978.791638678296295, -1305.134615949652925 ], [ 977.104138678295158, -1311.572115949657473 ], [ 971.534618187142769, -1316.137902520741363 ], [ 969.885388678290269, -1319.19711594966293 ], [ 963.291638678285722, -1322.165865949664976 ], [ 959.083419429179116, -1332.602565602624054 ], [ 955.682263678280265, -1338.60336594967589 ], [ 955.557263678280151, -1342.884615949678846 ], [ 951.90101367827765, -1347.040865949681574 ], [ 944.24476367827242, -1347.009615949681574 ], [ 941.432263678270488, -1348.009615949682257 ], [ 938.182263678268328, -1346.915865949681574 ], [ 936.807263678267304, -1344.572115949679983 ], [ 938.182263678268328, -1342.884615949678846 ], [ 937.9635136782681, -1339.853365949677027 ], [ 932.026013678264121, -1337.790865949675208 ], [ 928.776013678261961, -1338.91586594967589 ], [ 920.338513678256163, -1338.91586594967589 ], [ 916.963513678253776, -1336.228365949674071 ], [ 910.151013678249228, -1334.790865949673162 ], [ 906.526013678246727, -1331.978365949671115 ], [ 903.338513678244567, -1332.040865949671343 ], [ 898.58851367824127, -1335.228365949673389 ], [ 896.651013678239906, -1341.915865949677936 ], [ 890.963513678236041, -1342.103365949678164 ], [ 887.77601367823388, -1336.228365949674071 ], [ 882.088513678229901, -1336.165865949673616 ], [ 877.276013678226604, -1337.165865949674298 ], [ 856.33851367821228, -1346.04086594968021 ], [ 848.901013678207278, -1354.978365949686349 ], [ 844.963513678204549, -1355.228365949686577 ], [ 843.088513678203299, -1357.915865949688396 ], [ 838.151013678199888, -1358.978365949689078 ], [ 832.651013678196136, -1354.415865949686122 ], [ 827.213513678192385, -1353.103365949685212 ], [ 823.026013678189543, -1348.540865949682029 ], [ 823.08851367818977, -1341.665865949677254 ], [ 820.838513678188178, -1340.603365949676572 ], [ 821.401013678188519, -1337.415865949674298 ], [ 832.151013678195909, -1330.915865949669978 ], [ 836.963513678199206, -1330.728365949669751 ], [ 839.02601367820057, -1327.978365949667932 ], [ 839.276013678200798, -1324.103365949665204 ], [ 837.026013678199206, -1318.415865949661338 ], [ 834.463513678197387, -1314.009615949659064 ], [ 833.713513678196932, -1311.134615949657473 ], [ 837.682263678199661, -1309.790865949656563 ], [ 840.307263678201366, -1307.822115949655199 ], [ 841.932263678202503, -1302.665865949651561 ], [ 841.776013678202389, -1298.509615949648833 ], [ 834.713513678197728, -1292.134615949644967 ], [ 834.901013678197842, -1287.134615949641557 ], [ 830.397799188517524, -1284.672155842982875 ], [ 827.151013678192498, -1285.978365949640875 ], [ 820.340730860220333, -1286.001791152613123 ], [ 817.432263678185791, -1287.134615949641784 ], [ 817.057263678185564, -1291.322115949644513 ], [ 817.932263678186132, -1293.759615949646332 ], [ 817.869763678186132, -1298.00961594964906 ], [ 814.744763678183972, -1302.509615949652243 ], [ 814.807263678183858, -1307.759615949655881 ], [ 810.057263678180675, -1318.447115949663157 ], [ 809.963513678180675, -1330.978365949672025 ], [ 808.869763678179879, -1333.884615949674071 ], [ 802.057263678175218, -1341.759615949679528 ], [ 802.057263678175218, -1345.853365949682484 ], [ 794.419848752068333, -1354.319422190657633 ], [ 788.651013678166237, -1357.978365949690442 ], [ 788.213513678165896, -1364.478365949694989 ], [ 783.463513678162712, -1370.165865949698855 ], [ 781.713513678161462, -1377.915865949704084 ], [ 778.588513678159416, -1381.228365949706358 ], [ 773.276013678155778, -1381.040865949706358 ], [ 771.963513678154868, -1379.790865949705449 ], [ 771.901013678154868, -1374.728365949702038 ], [ 772.526013678155209, -1370.66586594969931 ], [ 772.713513678155323, -1367.228365949696808 ], [ 767.838513678152026, -1360.978365949692716 ], [ 764.713513678149866, -1361.040865949692716 ], [ 763.963513678149411, -1356.478365949689532 ], [ 765.276013678150321, -1352.540865949686804 ], [ 770.713513678153959, -1348.228365949683848 ], [ 771.276013678154413, -1345.728365949682257 ], [ 770.119763678153618, -1342.790865949680892 ], [ 770.338513678153731, -1336.634615949676572 ], [ 774.30726367815646, -1330.540865949672707 ], [ 773.02601367815555, -1326.822115949670206 ], [ 773.244763678155664, -1318.697115949664749 ], [ 771.119763678154186, -1316.384615949663157 ], [ 767.307263678151685, -1315.353365949662475 ], [ 763.588513678148956, -1312.915865949661111 ], [ 758.776013678145659, -1313.134615949661111 ], [ 758.057263678145205, -1319.634615949666113 ], [ 760.807263678147024, -1326.32211594967066 ], [ 759.608733069801247, -1329.909659431109276 ], [ 755.619763678143499, -1331.759615949674526 ], [ 753.057263678141794, -1336.009615949677482 ], [ 750.869763678140316, -1335.822115949677254 ], [ 748.307263678138497, -1338.322115949679073 ], [ 747.156778857170593, -1343.030747377983289 ], [ 743.369763678135087, -1344.884615949683393 ], [ 739.744763678132358, -1339.259615949679755 ], [ 730.182263678125764, -1332.072115949674753 ], [ 727.119763678123718, -1325.447115949670206 ], [ 724.119763678121672, -1323.572115949669069 ], [ 721.244763678119739, -1326.07211594967066 ], [ 721.057263678119511, -1331.134615949674071 ], [ 718.994763678118034, -1333.88461594967589 ], [ 711.18226367811269, -1335.634615949677027 ], [ 707.369763678110075, -1332.072115949674753 ], [ 702.119763678106551, -1331.884615949674526 ], [ 698.994763678104391, -1334.322115949676345 ], [ 699.244763678104505, -1338.322115949679073 ], [ 700.869763678105642, -1341.63461594968112 ], [ 705.401013678108711, -1345.665865949684303 ], [ 716.932263678116556, -1347.197115949685212 ], [ 717.213513678116783, -1349.759615949687486 ], [ 714.026013678114623, -1352.415865949689078 ], [ 711.776013678113031, -1357.009615949692488 ], [ 704.901013678108256, -1361.790865949695899 ], [ 699.706629626056838, -1362.029467420230276 ], [ 697.651013678103254, -1363.009615949696808 ], [ 694.463513678101094, -1369.915865949701583 ], [ 699.276013678104505, -1371.447115949702493 ], [ 702.026013678106324, -1378.384615949707268 ], [ 708.276013678110644, -1378.884615949707722 ], [ 707.557263678110075, -1372.44711594970363 ], [ 718.744763678117806, -1364.228365949697945 ], [ 722.557263678120421, -1364.009615949697718 ], [ 723.401013678120989, -1369.790865949701811 ], [ 726.151013678122808, -1377.040865949706358 ], [ 724.776013678121899, -1381.290865949709314 ], [ 735.026013678128948, -1391.478365949716363 ], [ 735.026013678128948, -1396.978365949720001 ], [ 727.651013678123832, -1400.728365949722502 ], [ 706.838513678109734, -1401.978365949723866 ], [ 699.58851367810496, -1408.947115949728413 ], [ 694.588513678101549, -1407.634615949727504 ], [ 689.338513678097911, -1406.634615949726822 ], [ 689.151013678097797, -1401.884615949723411 ], [ 685.088513678095069, -1401.009615949723184 ], [ 678.057263678090294, -1407.072115949727277 ], [ 675.088513678088248, -1407.103365949727277 ], [ 669.744763678084496, -1403.75961594972523 ], [ 662.869763678079835, -1404.884615949725912 ], [ 659.963513678077788, -1408.228365949728186 ], [ 659.682263678077561, -1411.134615949730232 ], [ 667.776013678083245, -1415.072115949732733 ], [ 665.138650585103505, -1417.980069016199877 ], [ 659.526013678077561, -1421.259615949737054 ], [ 656.713513678075628, -1419.384615949735689 ], [ 648.338513678069944, -1418.947115949735462 ], [ 646.276013678068466, -1421.134615949736826 ], [ 646.651013678068693, -1428.884615949742056 ], [ 648.463513678069944, -1430.134615949742965 ], [ 651.213513678071877, -1434.947115949746149 ], [ 655.651013678074833, -1439.697115949749559 ], [ 662.21351367807938, -1441.072115949750469 ], [ 662.963513678079835, -1443.44711594975206 ], [ 666.026013678081995, -1445.197115949753197 ], [ 671.65101367808586, -1447.759615949755016 ], [ 675.838513678088816, -1448.009615949755243 ], [ 681.651013678092795, -1443.697115949752515 ], [ 688.68226367809757, -1445.165865949753879 ], [ 689.494763678098138, -1447.103365949755243 ], [ 685.963513678095637, -1451.603365949758427 ], [ 693.838513678101094, -1453.103365949759336 ], [ 697.588513678103595, -1456.822115949761837 ], [ 698.651013678104391, -1461.228365949765021 ], [ 694.744763678101663, -1465.509615949767976 ], [ 696.3385136781028, -1468.540865949770023 ], [ 695.948201044670782, -1474.061564135928847 ], [ 688.244763678097456, -1480.25961594977889 ], [ 685.651013678095637, -1485.353365949781846 ], [ 687.15101367809666, -1487.22836594978321 ], [ 691.65101367809973, -1490.915865949785712 ], [ 693.401013678100981, -1492.978365949787076 ], [ 692.182263678100185, -1501.353365949793442 ], [ 691.901013678099957, -1509.415865949798899 ], [ 693.682263678101208, -1511.634615949800491 ], [ 697.86976367810405, -1514.322115949802082 ], [ 698.244763678104277, -1525.572115949810041 ], [ 699.338513678105073, -1526.50961594981095 ], [ 698.838513678104732, -1531.915865949814588 ], [ 694.401013678101776, -1533.243990949815498 ], [ 690.494763678099048, -1536.118990949817544 ], [ 683.869763678094614, -1534.993990949816634 ], [ 681.244763678092681, -1532.743990949815498 ], [ 680.932263678092454, -1529.181490949812996 ], [ 677.869763678090408, -1526.806490949811405 ], [ 675.869763678089043, -1526.931490949811405 ], [ 674.557263678088134, -1529.556490949813224 ], [ 671.994763678086315, -1532.775240949815498 ], [ 670.307263678085178, -1532.900240949815498 ], [ 665.994763678082222, -1536.025240949817544 ], [ 661.646147014507392, -1535.94913492250339 ], [ 660.307263678078357, -1537.150240949818226 ], [ 659.807263678078129, -1543.587740949822319 ], [ 664.86976367808154, -1547.02524094982482 ], [ 667.588513678083473, -1548.243990949825957 ], [ 671.369763678085974, -1553.712740949829822 ], [ 675.297785682565404, -1563.01672745370206 ], [ 672.807263678086997, -1565.52524094983778 ], [ 673.119763678087111, -1569.837740949840736 ], [ 675.119763678088475, -1571.025240949841645 ], [ 679.182263678091317, -1571.212740949841645 ], [ 682.619763678093705, -1572.525240949842555 ], [ 684.494763678094955, -1574.650240949844147 ], [ 686.869763678096547, -1576.212740949845056 ], [ 691.744763678099844, -1576.025240949845056 ], [ 693.057263678100753, -1577.525240949845966 ], [ 693.369763678100981, -1583.900240949850286 ], [ 690.244763678098934, -1584.40024094985074 ], [ 686.93226367809666, -1586.462740949852105 ], [ 682.11976367809325, -1585.775240949851877 ], [ 677.494763678090067, -1582.212740949849376 ], [ 671.088513678085747, -1581.900240949849604 ], [ 665.338513678081767, -1584.83774094985165 ], [ 656.557263678075742, -1585.02524094985165 ], [ 650.932263678071877, -1586.025240949852332 ], [ 648.526013678070285, -1583.431490949850513 ], [ 646.713513678068921, -1579.08774094984733 ], [ 641.588513678065397, -1575.025240949844601 ], [ 639.026013678063691, -1572.400240949842555 ], [ 628.026013678056188, -1571.025240949841645 ], [ 625.96351367805471, -1566.58774094983869 ], [ 627.963513678056074, -1563.212740949836416 ], [ 628.338513678056188, -1553.275240949829367 ], [ 620.588513678050958, -1545.337740949824138 ], [ 617.901013678049026, -1539.400240949820045 ], [ 617.776013678049026, -1533.587740949815952 ], [ 620.776013678051072, -1531.087740949814133 ], [ 624.776013678053801, -1523.900240949809358 ], [ 624.963513678053914, -1518.77524094980572 ], [ 624.151013678053346, -1514.650240949802765 ], [ 621.901013678051868, -1513.025240949801628 ], [ 622.276013678052095, -1506.775240949797308 ], [ 624.026013678053346, -1501.587740949793897 ], [ 624.151013678053346, -1495.15024094978935 ], [ 622.026013678051982, -1493.150240949787985 ], [ 605.327523908098556, -1493.071539877353871 ], [ 601.526013678037884, -1495.650240949789804 ], [ 600.338513678036975, -1499.150240949792078 ], [ 600.026013678036747, -1508.150240949798217 ], [ 595.026013678033337, -1515.275240949802765 ], [ 594.463513678032882, -1522.712740949807994 ], [ 599.151013678036179, -1527.27524094981095 ], [ 598.759508977050245, -1530.151157547880302 ], [ 591.213513678030608, -1535.837740949816862 ], [ 584.559355255466357, -1535.858419859199785 ], [ 582.651013678024697, -1537.275240949817999 ], [ 578.932263678022196, -1542.087740949821637 ], [ 575.744763678020036, -1546.056490949824365 ], [ 575.526013678019922, -1548.775240949826184 ], [ 580.619763678023446, -1552.868990949828913 ], [ 581.213513678023901, -1557.962740949832551 ], [ 588.151013678028562, -1559.837740949833915 ], [ 591.807263678031063, -1564.306490949836871 ], [ 591.901013678031177, -1570.025240949840963 ], [ 585.182263678026402, -1573.243990949842782 ], [ 569.994763678015943, -1573.243990949842782 ], [ 565.36976367801276, -1569.243990949840054 ], [ 561.994763678010486, -1568.993990949839826 ], [ 556.682263678006848, -1564.931490949837098 ], [ 550.0572636780023, -1565.118990949837325 ], [ 547.932263678000936, -1568.243990949839372 ], [ 547.797585828042315, -1574.264643768748329 ], [ 545.619763677999117, -1575.931490949844374 ], [ 545.24476367799889, -1580.05649094984733 ], [ 547.05726367800014, -1581.743990949848467 ], [ 553.119763678004347, -1582.118990949848694 ], [ 559.744763678008781, -1578.368990949845966 ], [ 563.244763678011168, -1578.368990949845966 ], [ 562.744763678010827, -1582.493990949848921 ], [ 570.182263678015943, -1583.181490949849604 ], [ 576.901013678020604, -1581.775240949848694 ], [ 576.83851367802049, -1586.556490949851877 ], [ 578.619763678021741, -1588.556490949853242 ], [ 578.838513678021855, -1591.775240949855515 ], [ 577.276013678020831, -1593.71274094985688 ], [ 573.119763678018103, -1593.806490949856652 ], [ 569.369763678015488, -1595.806490949858016 ], [ 555.838513678006279, -1597.118990949858926 ], [ 549.863706021664598, -1598.938517509076291 ], [ 545.869763677999572, -1602.212740949862336 ], [ 541.244763677996389, -1602.087740949862109 ], [ 538.55726367799457, -1601.025240949861654 ], [ 534.932263677992069, -1600.837740949861427 ], [ 529.619763677988431, -1606.212740949865065 ], [ 526.963513677986612, -1606.493990949865292 ], [ 519.588513677981609, -1602.806490949862791 ], [ 517.05726367797979, -1605.33774094986461 ], [ 516.994763677979677, -1610.150240949867793 ], [ 525.182263677985247, -1613.962740949870295 ], [ 530.807263677989113, -1613.962740949870295 ], [ 537.432263677993774, -1611.400240949868476 ], [ 540.36976367799582, -1614.337740949870522 ], [ 552.994763678004347, -1613.962740949870295 ], [ 553.244763678004574, -1615.900240949871659 ], [ 554.963513678005711, -1618.150240949873478 ], [ 567.682263678014465, -1618.118990949873478 ], [ 576.932263678020718, -1614.493990949870977 ], [ 581.682263678024015, -1612.743990949869612 ], [ 584.18226367802572, -1614.493990949870977 ], [ 585.057263678026288, -1617.368990949872796 ], [ 582.119763678024242, -1621.306490949875524 ], [ 581.869763678024128, -1625.74399094987848 ], [ 580.932263678023446, -1628.368990949880299 ], [ 581.432263678023901, -1630.556490949881663 ], [ 586.494763678027311, -1636.368990949885529 ], [ 589.369763678029358, -1641.118990949888939 ], [ 592.869763678031745, -1642.056490949889394 ], [ 594.994763678033109, -1648.806490949894169 ], [ 600.057263678036747, -1655.118990949898716 ], [ 606.807263678041295, -1655.181490949898716 ], [ 608.244763678042318, -1654.056490949897807 ], [ 611.994763678044933, -1653.993990949897807 ], [ 618.869763678049594, -1648.993990949894396 ], [ 623.18226367805255, -1648.993990949894396 ], [ 628.994763678056529, -1651.118990949895988 ], [ 633.151013678059485, -1653.181490949897579 ], [ 636.713513678061872, -1658.681490949901445 ], [ 640.05726367806426, -1661.806490949903491 ], [ 649.55726367807074, -1663.056490949904628 ], [ 652.244763678072559, -1669.743990949909175 ], [ 652.182263678072673, -1677.931490949914632 ], [ 658.182263678076765, -1684.36899094991918 ], [ 658.244763678076765, -1688.681490949922136 ], [ 646.119763678068693, -1694.431490949926001 ], [ 641.057263678065169, -1702.243990949931458 ], [ 640.869763678065056, -1714.868990949940098 ], [ 635.994763678061645, -1722.712740949945328 ], [ 632.432263678059257, -1725.650240949947374 ], [ 630.869763678058121, -1729.650240949950103 ], [ 621.619763678051868, -1726.962740949948284 ], [ 617.869763678049367, -1727.212740949948511 ], [ 605.119763678040613, -1730.525240949950785 ], [ 600.994763678037771, -1733.337740949952831 ], [ 601.307263678037998, -1738.900240949956469 ], [ 598.369763678036065, -1740.025240949957379 ], [ 591.141456478788541, -1743.327256752746734 ], [ 588.119763678029017, -1747.025240949962154 ], [ 587.807263678028789, -1752.775240949966019 ], [ 590.494763678030608, -1755.962740949968293 ], [ 591.463513678031063, -1761.900240949972385 ], [ 593.244763678032314, -1768.150240949976478 ], [ 595.338513678033792, -1771.118990949978524 ], [ 607.15101367804175, -1771.056490949978524 ], [ 610.24476367804391, -1765.837740949974886 ], [ 612.713513678045615, -1762.337740949972613 ], [ 616.494763678048344, -1760.587740949971476 ], [ 623.244763678053005, -1758.087740949969657 ], [ 637.869763678063009, -1758.025240949970112 ], [ 639.182263678063919, -1754.618990949967838 ], [ 637.494763678062782, -1753.618990949967156 ], [ 634.869763678060963, -1749.743990949964427 ], [ 635.24476367806119, -1745.400240949961017 ], [ 637.807263678062895, -1742.15024094995897 ], [ 637.869763678063009, -1732.400240949952376 ], [ 639.619763678064146, -1727.775240949949193 ], [ 642.151013678065851, -1723.993990949947147 ], [ 646.963513678069148, -1715.931490949941917 ], [ 654.057263678074037, -1717.087740949942599 ], [ 655.744763678075174, -1716.025240949941917 ], [ 659.369763678077675, -1715.90024094994169 ], [ 664.557263678081313, -1720.087740949944873 ], [ 672.369763678086656, -1719.462740949944418 ], [ 679.307263678091317, -1719.400240949944418 ], [ 681.99476367809325, -1723.900240949947374 ], [ 685.119763678095296, -1732.212740949953286 ], [ 685.932263678095865, -1736.962740949956469 ], [ 684.744763678095069, -1741.212740949959425 ], [ 690.30726367809882, -1744.962740949961471 ], [ 698.682263678104505, -1747.837740949963518 ], [ 701.369763678106324, -1751.150240949965564 ], [ 701.057263678106096, -1756.837740949969657 ], [ 705.182263678108939, -1760.837740949972385 ], [ 712.557263678114055, -1763.212740949973977 ], [ 729.994763678125992, -1767.462740949976705 ], [ 732.069373015719975, -1769.178332369295049 ], [ 729.994763678125878, -1773.087740949980798 ], [ 731.994763678127242, -1777.525240949983754 ], [ 732.781212306514135, -1781.722654634742639 ], [ 730.682263678126333, -1785.775240949989438 ], [ 727.420584268923221, -1787.714818494887368 ], [ 724.68226367812224, -1792.962740949994441 ], [ 722.182263678120535, -1794.025240949995123 ], [ 716.93226367811701, -1792.400240949993986 ], [ 708.994763678111553, -1792.025240949993986 ], [ 705.213513678108939, -1796.181490949996942 ], [ 701.619763678106551, -1795.993990949996714 ], [ 698.838513678104846, -1793.243990949995123 ], [ 685.526013678095637, -1789.118990949992849 ], [ 683.8385136780945, -1785.993990949990575 ], [ 681.182263678092681, -1785.868990949990575 ], [ 678.057263678090521, -1788.118990949992167 ], [ 678.401013678090862, -1792.462740949995123 ], [ 681.244763678092795, -1798.650240949999215 ], [ 680.55726367809234, -1803.275240950002399 ], [ 680.307263678092113, -1812.21274095000831 ], [ 681.119763678092568, -1814.806490950010584 ], [ 680.77601367809234, -1820.493990950014449 ], [ 679.182263678091317, -1821.775240950015359 ], [ 679.276013678091203, -1825.181490950017405 ], [ 674.631534636795095, -1828.322477750575445 ], [ 670.026013678084951, -1836.368990950025136 ], [ 663.807263678080744, -1840.118990950027865 ], [ 663.793241645117064, -1851.155734854811499 ], [ 662.338513678079721, -1853.712740950037187 ], [ 663.15101367808029, -1857.337740950039688 ], [ 666.588513678082563, -1856.212740950039006 ], [ 682.963513678093932, -1855.900240950038551 ], [ 689.463513678098366, -1858.65024095004037 ], [ 693.213513678100981, -1861.337740950042416 ], [ 691.963513678100071, -1865.650240950045372 ], [ 691.52601367809973, -1869.712740950048101 ], [ 696.213513678103027, -1872.150240950049692 ], [ 700.276013678105755, -1875.337740950051739 ], [ 700.057263678105528, -1887.962740950060606 ], [ 691.716440975310206, -1892.587373630400407 ], [ 690.619763678099048, -1894.806490950065381 ], [ 694.369763678101549, -1900.962740950069474 ], [ 698.478488880517148, -1908.583362217934337 ], [ 695.369763678102231, -1915.150240950079024 ], [ 695.432263678102345, -1920.900240950082889 ], [ 699.119763678104846, -1928.212740950087891 ], [ 694.83851367810189, -1934.587740950092666 ], [ 693.588513678101094, -1939.087740950095849 ], [ 688.713513678097797, -1947.712740950102216 ], [ 684.276013678094841, -1955.275240950107445 ], [ 683.932263678094614, -1966.493990950115176 ], [ 681.994763678093364, -1971.837740950118814 ], [ 680.088513678091999, -1973.462740950119951 ], [ 675.330987811953719, -1976.360744100734109 ], [ 674.24476367808802, -1978.712740950124044 ], [ 671.057263678085747, -1980.962740950125635 ], [ 665.901013678082222, -1984.525240950127909 ], [ 662.369763678079835, -1987.025240950129728 ], [ 657.119763678076197, -1989.900240950131547 ], [ 656.776013678075969, -1992.306490950133366 ], [ 658.307263678076993, -1993.993990950134503 ], [ 663.08851367808029, -1993.837740950134503 ], [ 665.05726367808154, -1992.743990950134048 ], [ 666.932263678082791, -1989.025240950131547 ], [ 670.213513678085064, -1988.90024095013132 ], [ 674.807263678088248, -1985.806490950129273 ], [ 676.619763678089498, -1983.931490950127909 ], [ 681.119763678092568, -1979.431490950124953 ], [ 685.338513678095296, -1976.306490950122907 ], [ 688.244763678097343, -1972.431490950120406 ], [ 689.776013678098366, -1967.90024095011745 ], [ 689.932263678098593, -1961.525240950113357 ], [ 691.776013678099844, -1957.775240950110856 ], [ 691.994763678100071, -1954.150240950108355 ], [ 694.588513678101776, -1951.712740950106991 ], [ 696.994763678103482, -1953.400240950108127 ], [ 699.713513678105301, -1953.806490950108355 ], [ 699.869763678105414, -1964.181490950115631 ], [ 704.244763678108484, -1966.868990950117905 ], [ 706.807263678110303, -1967.056490950117905 ], [ 710.30726367811269, -1968.837740950119041 ], [ 716.66663867811701, -1970.978365950120633 ], [ 720.791638678119853, -1973.228365950121997 ], [ 725.041638678122695, -1978.415865950125408 ], [ 725.229138678122808, -1983.040865950128591 ], [ 727.791638678124627, -1984.103365950129273 ], [ 730.60413867812656, -1986.91586595013132 ], [ 732.979138678128038, -1991.259615950134958 ], [ 732.10413867812747, -1995.915865950138141 ], [ 728.94788867812531, -1998.915865950140187 ], [ 728.854138678125196, -2002.040865950142461 ], [ 731.135388678126787, -2003.884615950143598 ], [ 730.91663867812656, -2006.540865950145871 ], [ 727.385388678124173, -2012.884615950150192 ], [ 727.072888678123945, -2018.32211595015383 ], [ 721.229138678119966, -2018.728365950154512 ], [ 719.979138678119057, -2019.603365950154966 ], [ 717.197888678117238, -2019.728365950155194 ], [ 716.322888678116556, -2018.509615950154284 ], [ 711.447888678113259, -2018.259615950154057 ], [ 709.604138678112008, -2017.197115950153375 ], [ 709.572888678112008, -2013.665865950151101 ], [ 704.916638678108825, -2012.540865950150192 ], [ 703.354138678107688, -2011.322115950149737 ], [ 698.791638678104619, -2011.853365950150192 ], [ 695.229138678102231, -2013.540865950151328 ], [ 693.416638678100981, -2015.540865950152693 ], [ 690.666638678099048, -2016.69711595015383 ], [ 687.22913867809666, -2019.103365950155421 ], [ 685.697888678095751, -2019.853365950155876 ], [ 683.322888678094273, -2022.384615950157922 ], [ 680.010388678091999, -2022.572115950157922 ], [ 678.354138678090862, -2021.697115950157468 ], [ 673.760388678087679, -2020.665865950156785 ], [ 671.447888678086088, -2017.697115950154739 ], [ 667.9791386780837, -2015.43149095015292 ], [ 662.322888678079948, -2010.368990950149737 ], [ 660.385388678078584, -2012.493990950151328 ], [ 660.354138678078584, -2016.431490950154284 ], [ 657.666638678076765, -2018.525240950155649 ], [ 655.604138678075287, -2020.493990950157013 ], [ 651.541638678072445, -2020.150240950156785 ], [ 651.416638678072331, -2016.275240950154057 ], [ 647.922027870834086, -2016.476656765865982 ], [ 647.322888678069603, -2017.743990950155194 ], [ 643.697888678067102, -2017.556490950154966 ], [ 641.604138678065624, -2016.212740950154057 ], [ 641.635388678065624, -2013.087740950152238 ], [ 642.729138678066306, -2010.900240950150646 ], [ 644.66663867806767, -2009.150240950149509 ], [ 644.479138678067557, -2006.43149095014769 ], [ 642.385388678065965, -2004.368990950146326 ], [ 640.197888678064487, -2002.743990950145189 ], [ 636.7291386780621, -2001.650240950144507 ], [ 634.354138678060508, -1999.681490950143143 ], [ 634.479138678060622, -1993.837740950139278 ], [ 633.35413867805994, -1992.837740950138596 ], [ 631.572888678058689, -1992.462740950138368 ], [ 630.729138678058121, -1989.243990950136094 ], [ 630.541638678058007, -1987.30649095013473 ], [ 629.604138678057325, -1986.462740950134048 ], [ 629.541638678057211, -1983.743990950132456 ], [ 630.572888678057893, -1983.275240950132002 ], [ 630.572888678057893, -1981.650240950131092 ], [ 633.166638678059599, -1979.618990950129501 ], [ 633.63538867805994, -1977.993990950128591 ], [ 634.854138678060849, -1975.868990950127227 ], [ 635.510388678061304, -1973.400240950125408 ], [ 636.322888678061872, -1972.493990950124953 ], [ 636.4478886780621, -1964.650240950119723 ], [ 637.635388678062895, -1963.400240950118814 ], [ 637.729138678062895, -1960.806490950116995 ], [ 634.072888678060394, -1960.556490950116768 ], [ 632.01038867805903, -1959.650240950116313 ], [ 630.541638678058007, -1958.212740950115631 ], [ 630.479138678058007, -1952.650240950111538 ], [ 631.510388678058689, -1950.337740950110174 ], [ 632.401013678059371, -1949.697115950109719 ], [ 632.276013678059371, -1946.947115950108127 ], [ 631.494763678058803, -1944.978365950106991 ], [ 630.401013678058007, -1943.478365950105854 ], [ 631.213513678058575, -1942.853365950105399 ], [ 632.963513678059712, -1939.447115950103125 ], [ 633.994763678060508, -1939.478365950103125 ], [ 635.338513678061418, -1938.509615950102443 ], [ 635.869763678061759, -1934.634615950099942 ], [ 634.651013678060963, -1933.415865950099032 ], [ 634.244763678060622, -1931.290865950097896 ], [ 631.494763678058803, -1929.822115950096759 ], [ 628.619763678056756, -1929.697115950096759 ], [ 627.432263678055961, -1928.853365950096077 ], [ 627.432263678055961, -1926.697115950094712 ], [ 629.619763678057438, -1925.57211595009403 ], [ 629.869763678057666, -1924.259615950093121 ], [ 631.432263678058689, -1922.384615950091757 ], [ 631.713513678058916, -1919.447115950090165 ], [ 628.68226367805687, -1917.478365950088801 ], [ 628.588513678056756, -1916.228365950087891 ], [ 629.307263678057211, -1914.103365950086527 ], [ 629.588513678057438, -1911.540865950084708 ], [ 631.244763678058575, -1910.509615950084026 ], [ 631.744763678058916, -1902.822115950079251 ], [ 630.807263678058234, -1902.040865950078796 ], [ 630.494763678058007, -1900.697115950077887 ], [ 627.557263678056074, -1898.509615950076295 ], [ 625.494763678054596, -1895.509615950074476 ], [ 624.276013678053801, -1894.009615950073567 ], [ 625.369763678054483, -1892.44711595007243 ], [ 625.588513678054596, -1886.447115950068792 ], [ 624.338513678053801, -1885.603365950068337 ], [ 616.657709652380277, -1885.399421419006103 ], [ 616.057263678048116, -1886.384615950068792 ], [ 610.718980448852562, -1886.413846700117119 ], [ 610.119763678044023, -1887.384615950069701 ], [ 607.713513678042318, -1887.353365950069701 ], [ 605.338513678040613, -1885.478365950068337 ], [ 603.338513678039249, -1886.415865950069019 ], [ 600.026013678036975, -1886.447115950069019 ], [ 598.307263678035838, -1887.603365950069701 ], [ 595.557263678034019, -1887.572115950069701 ], [ 591.494763678031177, -1884.447115950067655 ], [ 591.244763678031063, -1880.447115950064926 ], [ 589.463513678029813, -1879.150240950064017 ], [ 587.432263678028448, -1876.447115950062198 ], [ 584.588513678026516, -1874.790865950061288 ], [ 584.526013678026516, -1872.634615950059697 ], [ 581.619763678024469, -1870.91586595005856 ], [ 581.619763678024469, -1868.697115950056968 ], [ 583.088513678025492, -1866.603365950055604 ], [ 594.119763678033109, -1866.540865950055604 ], [ 595.432263678034019, -1865.228365950054695 ], [ 595.713513678034133, -1858.697115950049692 ], [ 598.244763678035952, -1857.290865950048783 ], [ 600.307263678037316, -1856.509615950048328 ], [ 602.24476367803868, -1855.509615950047646 ], [ 603.463513678039476, -1853.697115950046282 ], [ 603.588513678039476, -1851.13461595004469 ], [ 602.463513678038794, -1849.915865950043781 ], [ 599.432263678036634, -1848.697115950042871 ], [ 595.776013678034133, -1848.790865950043326 ], [ 594.526013678033223, -1847.415865950042416 ], [ 594.119763678033109, -1836.634615950035368 ], [ 590.588513678030608, -1836.44711595003514 ], [ 588.588513678029244, -1835.384615950034458 ], [ 585.651013678027311, -1832.572115950032412 ], [ 585.432263678027084, -1831.228365950031503 ], [ 583.807263678026061, -1829.759615950030593 ], [ 581.338513678024242, -1829.228365950030366 ], [ 579.526013678022991, -1827.509615950029229 ], [ 578.682263678022423, -1825.197115950027637 ], [ 578.338513678022196, -1823.4471159500265 ], [ 574.776013678019808, -1822.415865950025818 ], [ 573.588513678018899, -1821.540865950025363 ], [ 571.401013678017421, -1822.447115950026046 ], [ 569.151013678015829, -1823.634615950026728 ], [ 561.401013678010486, -1823.822115950026955 ], [ 560.432263678009917, -1822.697115950026046 ], [ 560.588513678010031, -1821.165865950025136 ], [ 561.588513678010713, -1819.634615950023999 ], [ 563.213513678011736, -1817.822115950022862 ], [ 566.557263678014124, -1816.540865950021953 ], [ 566.526013678014124, -1815.478365950021271 ], [ 569.151013678015943, -1813.540865950019906 ], [ 569.52601367801617, -1810.447115950018087 ], [ 570.338513678016739, -1809.603365950017405 ], [ 570.557263678016966, -1803.665865950013767 ], [ 565.588513678013555, -1799.509615950011039 ], [ 562.557263678011395, -1796.353365950008993 ], [ 559.588513678009463, -1793.415865950006946 ], [ 559.463513678009349, -1789.603365950004445 ], [ 560.807263678010258, -1788.572115950003763 ], [ 562.369763678011282, -1787.572115950003081 ], [ 563.557263678012077, -1786.322115950002171 ], [ 565.338513678013328, -1785.572115950001717 ], [ 566.401013678014237, -1783.44711595000058 ], [ 563.276013678012077, -1780.853365949999215 ], [ 561.494763678010941, -1779.290865949998079 ], [ 561.619763678010941, -1778.040865949997396 ], [ 560.213513678010031, -1776.822115949996487 ], [ 556.463513678007416, -1774.697115949995123 ], [ 553.932263678005711, -1774.572115949994895 ], [ 551.682263678004347, -1773.353365949993986 ], [ 548.7447636780023, -1770.447115949992167 ], [ 547.713513678001505, -1768.353365949990803 ], [ 547.401013678001277, -1766.822115949989893 ], [ 546.369763678000595, -1765.634615949988984 ], [ 540.463513677996616, -1762.25961594998671 ], [ 540.338513677996502, -1760.697115949986028 ], [ 538.588513677995252, -1758.665865949984664 ], [ 535.807263677993433, -1758.447115949984436 ], [ 534.651013677992637, -1756.884615949983299 ], [ 534.713513677992523, -1754.603365949981708 ], [ 532.463513677991045, -1752.509615949980343 ], [ 532.588513677991045, -1745.884615949975569 ], [ 529.463513677988885, -1743.603365949973977 ], [ 528.369763677988203, -1740.915865949972385 ], [ 526.682263677987066, -1739.322115949971248 ], [ 526.401013677986839, -1736.947115949969657 ], [ 525.713513677986384, -1736.259615949969202 ], [ 525.432263677986157, -1734.822115949968293 ], [ 522.713513677984452, -1732.822115949967383 ], [ 520.307263677982746, -1730.478365949965792 ], [ 517.911941469305589, -1730.675003907721702 ], [ 516.213513677980018, -1732.415865949967156 ], [ 514.588513677978881, -1732.353365949967156 ], [ 514.588513677978881, -1728.790865949964655 ], [ 511.494763677976721, -1728.478365949964427 ], [ 511.526013677976778, -1727.103365949963518 ], [ 510.526013677976096, -1726.478365949963063 ], [ 510.244763677975811, -1723.572115949961471 ], [ 513.369763677977971, -1722.665865949961017 ], [ 514.807263677978995, -1719.88461594995897 ], [ 515.494763677979449, -1719.353365949958743 ], [ 515.494763677979449, -1714.697115949955332 ], [ 516.307263677980018, -1713.509615949954423 ], [ 520.41663867798286, -1713.400240949954423 ], [ 521.307263677983428, -1712.650240949953968 ], [ 521.463513677983656, -1710.556490949952376 ], [ 517.588513677980927, -1708.587740949951467 ], [ 517.494763677980814, -1703.775240949948056 ], [ 520.49476367798286, -1701.618990949946692 ], [ 521.463513677983542, -1699.493990949945101 ], [ 521.494763677983542, -1696.618990949943736 ], [ 517.713513677980927, -1695.493990949942827 ], [ 513.776013677978312, -1692.46274094994078 ], [ 512.651013677977517, -1690.681490949939644 ], [ 512.369763677977517, -1688.650240949938279 ], [ 508.369763677974731, -1685.650240949936233 ], [ 505.651013677972855, -1685.462740949936006 ], [ 502.90101367797098, -1683.118990949934414 ], [ 502.651013677970809, -1678.493990949931231 ], [ 500.557263677969388, -1676.525240949930094 ], [ 500.588513677969331, -1674.493990949928047 ], [ 492.369763677963761, -1674.681490949928275 ], [ 491.619763677963249, -1672.868990949927138 ], [ 488.401013677961032, -1669.931490949925319 ], [ 486.776013677959952, -1669.650240949925092 ], [ 485.619763677959099, -1667.4314909499235 ], [ 485.494763677959043, -1661.743990949920089 ], [ 484.807263677958531, -1661.462740949919862 ], [ 484.49476367795836, -1660.43149094991918 ], [ 478.213513677953983, -1655.306490949915997 ], [ 478.30726367795404, -1653.77524094991486 ], [ 481.276013677956087, -1652.30649094991395 ], [ 481.369763677956144, -1650.775240949912813 ], [ 479.994763677955177, -1649.181490949911904 ], [ 481.526013677956257, -1647.556490949910767 ], [ 481.4635136779562, -1642.775240949907584 ], [ 482.338513677956882, -1641.493990949906902 ], [ 482.619763677957053, -1635.118990949902354 ], [ 481.838513677956541, -1634.587740949902127 ], [ 481.619763677956314, -1629.462740949898489 ], [ 485.994763677959327, -1627.431490949897125 ], [ 487.026013677960009, -1626.71274094989667 ], [ 491.244763677962908, -1626.525240949896443 ], [ 491.432263677963022, -1623.712740949894624 ], [ 488.807263677961259, -1622.400240949893714 ], [ 487.619763677960464, -1621.243990949893032 ], [ 487.276013677960179, -1619.556490949891895 ], [ 483.557263677957678, -1619.431490949891895 ], [ 483.432263677957621, -1617.337740949890531 ], [ 484.088513677958076, -1616.462740949889849 ], [ 484.088513677958019, -1613.71274094988803 ], [ 478.901013677954495, -1611.650240949886665 ], [ 478.463513677954154, -1610.431490949885756 ], [ 473.744763677950971, -1610.337740949886211 ], [ 471.432263677949379, -1608.556490949885074 ], [ 471.338513677949322, -1607.618990949884392 ], [ 473.401013677950743, -1605.587740949883027 ], [ 473.4947636779508, -1602.181490949880754 ], [ 472.432263677950061, -1601.400240949880072 ], [ 472.713513677950345, -1597.712740949877798 ], [ 475.276013677952108, -1596.400240949876888 ], [ 477.276013677953472, -1594.650240949875752 ], [ 477.244763677953472, -1592.30649094987416 ], [ 478.369763677954211, -1591.681490949873705 ], [ 478.401013677954268, -1589.900240949872341 ], [ 479.463513677954893, -1588.431490949871204 ], [ 480.432263677955575, -1587.525240949870749 ], [ 483.244763677957508, -1586.40024094986984 ], [ 483.494763677957678, -1585.775240949869385 ], [ 485.369763677958929, -1585.525240949869385 ], [ 487.557263677960464, -1582.368990949867111 ], [ 488.588513677961146, -1580.337740949865747 ], [ 490.307263677962339, -1579.587740949865292 ], [ 490.494763677962453, -1578.087740949864383 ], [ 491.369763677963022, -1577.525240949863928 ], [ 491.401013677963078, -1573.712740949861427 ], [ 490.55726367796251, -1572.493990949860518 ], [ 483.744763677957849, -1566.556490949856652 ], [ 481.744763677956428, -1563.431490949854606 ], [ 481.588513677956314, -1560.775240949852787 ], [ 480.713513677955746, -1559.587740949852105 ], [ 480.432263677955632, -1556.243990949850058 ], [ 476.49476367795296, -1554.493990949848921 ], [ 474.619763677951653, -1552.556490949847557 ], [ 474.526013677951539, -1548.775240949845056 ], [ 471.494763677949493, -1546.587740949843692 ], [ 471.338513677949379, -1542.087740949840509 ], [ 472.338513677950061, -1541.587740949840281 ], [ 472.244763677949891, -1538.681490949838462 ], [ 466.307263677945855, -1533.212740949834824 ], [ 466.619763677946025, -1530.61899094983346 ], [ 468.744763677947446, -1529.618990949832551 ], [ 470.682263677948811, -1526.900240949830959 ], [ 472.276013677949891, -1525.556490949830049 ], [ 472.401013677949891, -1519.775240949826411 ], [ 470.776013677948811, -1519.681490949826411 ], [ 468.526013677947276, -1517.33774094982482 ], [ 467.494763677946594, -1514.400240949822773 ], [ 462.30726367794307, -1510.275240949820045 ], [ 462.401013677943126, -1507.587740949818226 ], [ 458.526013677940512, -1505.525240949816862 ], [ 450.494763677934998, -1505.556490949817089 ], [ 447.744763677933065, -1507.681490949818681 ], [ 446.244763677932042, -1510.4002409498205 ], [ 444.682263677931019, -1513.243990949822546 ], [ 440.71351367792829, -1513.493990949822546 ], [ 438.682263677926869, -1511.712740949821409 ], [ 433.588513677923402, -1511.368990949821182 ], [ 430.401013677921242, -1508.212740949818908 ], [ 430.713513677921412, -1502.837740949815498 ], [ 431.27601367792181, -1502.52524094981527 ], [ 431.651013677922037, -1499.962740949813451 ], [ 432.776013677922833, -1499.150240949812769 ], [ 432.713513677922776, -1496.587740949811177 ], [ 430.119763677921014, -1495.712740949810723 ], [ 423.588513677916524, -1495.556490949810495 ], [ 422.869763677916069, -1496.431490949811177 ], [ 417.682263677912488, -1496.712740949811405 ], [ 417.27601367791226, -1493.368990949809358 ], [ 412.432263677908963, -1491.368990949807994 ], [ 412.401013677908963, -1487.868990949805493 ], [ 414.463513677910328, -1486.306490949804584 ], [ 414.244763677910214, -1484.556490949803219 ], [ 411.713513677908452, -1484.462740949803219 ], [ 408.443633410708287, -1482.512048562876998 ], [ 405.619763677904302, -1483.775240949802765 ], [ 403.526013677902881, -1486.618990949804811 ], [ 400.526013677900778, -1485.618990949804129 ], [ 400.401013677900721, -1484.462740949803219 ], [ 397.182263677898561, -1482.400240949802082 ], [ 394.744763677896913, -1481.4002409498014 ], [ 389.338513677893161, -1476.306490949798217 ], [ 388.963513677892934, -1471.650240949795034 ], [ 388.682263677892763, -1470.118990949793897 ], [ 389.244763677893161, -1467.681490949792305 ], [ 391.369763677894582, -1467.462740949792078 ], [ 393.432263677896003, -1465.618990949790941 ], [ 394.526013677896742, -1465.525240949790714 ], [ 397.557263677898902, -1462.587740949789122 ], [ 403.369763677902824, -1462.650240949789122 ], [ 404.776013677903791, -1463.712740949790032 ], [ 405.932263677904587, -1462.71274094978935 ], [ 409.432263677906974, -1462.493990949789122 ], [ 409.713513677907088, -1461.681490949788667 ], [ 416.276013677911578, -1461.525240949788667 ], [ 416.807263677911976, -1460.493990949787985 ], [ 419.651013677913909, -1460.493990949787985 ], [ 421.244763677914989, -1457.681490949785939 ], [ 425.807263677918115, -1457.400240949785712 ], [ 427.619763677919366, -1455.587740949784575 ], [ 431.526013677922037, -1455.587740949784575 ], [ 432.432263677922606, -1454.556490949783893 ], [ 432.619763677922776, -1452.868990949782756 ], [ 434.463513677924027, -1451.525240949781846 ], [ 434.30726367792397, -1446.587740949778663 ], [ 432.463513677922663, -1443.462740949776844 ], [ 430.619763677921412, -1441.525240949775707 ], [ 428.432263677919877, -1440.431490949774798 ], [ 425.432263677917831, -1437.337740949772751 ], [ 425.494763677917888, -1434.96274094977116 ], [ 426.55726367791857, -1434.400240949770705 ], [ 426.338513677918343, -1431.712740949769113 ], [ 430.088513677920901, -1430.587740949768431 ], [ 433.463513677923231, -1427.400240949766157 ], [ 433.494763677923288, -1423.150240949763884 ], [ 434.369763677923913, -1422.400240949763429 ], [ 434.651013677924084, -1418.4627409497607 ], [ 435.463513677924652, -1416.556490949759336 ], [ 437.651013677926187, -1414.556490949758199 ], [ 439.213513677927324, -1411.493990949756153 ], [ 442.338513677929427, -1410.618990949755698 ], [ 444.526013677930962, -1409.275240949754789 ], [ 444.557263677930962, -1404.556490949751606 ], [ 443.619763677930337, -1403.556490949750923 ], [ 443.494763677930223, -1400.618990949748877 ], [ 442.494763677929484, -1397.650240949747058 ], [ 440.49476367792812, -1394.462740949745012 ], [ 434.40101367792397, -1392.618990949743875 ], [ 431.494763677921981, -1390.493990949742511 ], [ 431.369763677921981, -1382.306490949737281 ], [ 430.588513677921412, -1380.806490949736144 ], [ 427.369763677919195, -1379.368990949735462 ], [ 424.432263677917206, -1376.462740949733416 ], [ 421.432263677915159, -1373.556490949731369 ], [ 420.463513677914477, -1371.68149094973046 ], [ 415.432263677911067, -1370.025240949729323 ], [ 415.494763677911124, -1364.587740949725685 ], [ 423.21351367791641, -1364.275240949725458 ], [ 425.401013677917888, -1363.587740949725003 ], [ 427.71351367791948, -1362.493990949724321 ], [ 429.619763677920787, -1360.556490949722956 ], [ 431.401013677922151, -1357.618990949721137 ], [ 431.494763677922208, -1355.775240949719773 ], [ 430.463513677921526, -1354.525240949719091 ], [ 430.61976367792164, -1349.525240949715908 ], [ 433.307263677923459, -1347.462740949714544 ], [ 435.526013677924993, -1345.556490949713407 ], [ 441.369763677928972, -1345.493990949713179 ], [ 442.807263677929939, -1343.775240949712042 ], [ 446.088513677932212, -1342.55649094971136 ], [ 448.494763677933861, -1339.743990949709314 ], [ 450.588513677935225, -1338.650240949708632 ], [ 454.68226367793801, -1336.587740949707268 ], [ 459.510388677941307, -1335.650240949706358 ], [ 463.479138677944093, -1332.478365949704539 ], [ 463.354138677943979, -1329.322115949702493 ], [ 460.260388677941876, -1325.447115949699992 ], [ 457.697888677940114, -1323.853365949698855 ], [ 456.510388677939318, -1320.290865949696354 ], [ 455.572888677938749, -1314.384615949692488 ], [ 448.541638677933975, -1311.572115949690669 ], [ 448.16663867793369, -1310.44711594968976 ], [ 445.885388677932156, -1308.572115949688623 ], [ 444.479138677931189, -1306.540865949687259 ], [ 444.63538867793136, -1301.540865949684076 ], [ 446.666638677932781, -1297.759615949681347 ], [ 449.916638677934998, -1296.728365949680665 ], [ 453.354138677937328, -1296.447115949680438 ], [ 454.26038867793801, -1294.384615949679301 ], [ 458.94788867794108, -1296.165865949680665 ], [ 464.229138677944718, -1291.790865949677709 ], [ 467.135388677946651, -1292.322115949677936 ], [ 467.135388677946651, -1297.103365949681347 ], [ 471.291638677949493, -1299.884615949683166 ], [ 486.697888677959895, -1299.947115949683393 ], [ 490.572888677962567, -1297.978365949682029 ], [ 494.135388677965011, -1295.10336594968021 ], [ 493.44788867796467, -1286.603365949674526 ], [ 496.041638677966432, -1283.259615949672252 ], [ 500.197888677969274, -1281.04086594967066 ], [ 507.072888677973992, -1277.915865949668159 ], [ 509.0103886779753, -1275.884615949666795 ], [ 509.354138677975584, -1267.072115949660883 ], [ 512.916638677977971, -1266.290865949660429 ], [ 515.229138677979563, -1264.384615949659064 ], [ 518.041638677981496, -1260.290865949656336 ], [ 520.07288867798286, -1262.1658659496577 ], [ 520.854138677983428, -1265.603365949660201 ], [ 519.104138677982178, -1269.353365949662702 ], [ 520.13538867798286, -1274.759615949666568 ], [ 521.635388677983883, -1274.853365949666568 ], [ 525.322888677986384, -1276.853365949667932 ], [ 529.947888677989567, -1279.853365949669978 ], [ 530.85413867799025, -1283.228365949672025 ], [ 532.416638677991273, -1284.290865949672934 ], [ 535.979138677993774, -1288.228365949675435 ], [ 538.041638677995138, -1291.259615949677709 ], [ 538.166638677995252, -1295.822115949680892 ], [ 535.85413867799366, -1298.478365949682711 ], [ 535.916638677993774, -1305.509615949687486 ], [ 532.104138677991159, -1311.134615949691351 ], [ 531.760388677990932, -1316.509615949695217 ], [ 533.85413867799241, -1318.915865949696808 ], [ 538.322888677995479, -1319.134615949696808 ], [ 545.104138678000254, -1314.853365949694307 ], [ 546.916638678001505, -1311.790865949692034 ], [ 547.041638678001505, -1306.478365949688396 ], [ 547.854138678002073, -1304.853365949687259 ], [ 547.979138678002187, -1300.103365949684076 ], [ 549.979138678003551, -1293.665865949679983 ], [ 551.635388678004688, -1293.603365949679755 ], [ 554.010388678006279, -1296.103365949681574 ], [ 554.041638678006279, -1301.69711594968544 ], [ 553.166638678005711, -1302.447115949685895 ], [ 552.822888678005484, -1304.978365949687714 ], [ 558.91663867800969, -1304.790865949687486 ], [ 560.072888678010486, -1299.478365949683848 ], [ 563.104138678012532, -1295.947115949681347 ], [ 565.35413867801401, -1294.353365949680665 ], [ 571.916638678018558, -1289.540865949677254 ], [ 575.541638678021059, -1287.790865949676117 ], [ 578.479138678023105, -1284.478365949674071 ], [ 580.97913867802481, -1282.478365949672707 ], [ 585.229138678027766, -1286.165865949675208 ], [ 588.916638678030267, -1286.290865949675208 ], [ 590.229138678031177, -1282.228365949672479 ], [ 589.666638678030836, -1276.040865949668159 ], [ 586.354138678028562, -1271.040865949664749 ], [ 581.479138678025151, -1265.353365949660883 ], [ 580.642811334903854, -1261.612629822954432 ], [ 591.182459772406105, -1257.597525656286507 ], [ 595.467811334907083, -1252.694465760452204 ], [ 597.089295709907447, -1252.42421836461881 ], [ 598.71078008490781, -1251.613476177118628 ], [ 605.389751439076008, -1251.420442322951885 ], [ 605.853032689076599, -1250.493879822952522 ], [ 608.130832168243728, -1250.41666628128587 ], [ 611.605441543244524, -1247.443944927118537 ], [ 613.574386855744933, -1248.254687114618719 ], [ 618.593267064079328, -1248.602148052118309 ], [ 621.952056126580146, -1250.300845968785552 ], [ 626.391834772414427, -1250.493879822952067 ], [ 626.623475397414495, -1249.760351177118764 ], [ 627.820285293248048, -1249.721744406285325 ], [ 628.515207168248253, -1248.833788677118491 ], [ 630.098084772415291, -1248.679361593785188 ], [ 631.526535293248912, -1247.289517843784779 ], [ 631.565142064082579, -1243.814908468784779 ], [ 633.495480605749663, -1241.961783468784233 ], [ 635.116964980750026, -1241.575715760450748 ], [ 635.348605605750095, -1240.571939718784051 ], [ 636.970089980750345, -1240.533332947950612 ], [ 638.861821751584102, -1242.540885031284461 ], [ 645.309152480752232, -1242.502278260451021 ], [ 646.892030084919156, -1241.344075135450794 ], [ 648.166053522419475, -1241.421288677117445 ], [ 649.748931126586513, -1242.42506471878437 ], [ 653.107720189087217, -1242.502278260451021 ], [ 656.350688939087945, -1238.525780864616763 ], [ 656.543722793254688, -1236.788476177116308 ], [ 655.501339980754437, -1235.939127218782914 ], [ 655.655767064087854, -1229.839257427114717 ], [ 656.543722793255029, -1227.831705343781096 ], [ 658.512668105755438, -1224.704556906280459 ], [ 660.558826959922612, -1223.276106385446838 ], [ 660.249972793255779, -1221.53880169794661 ], [ 657.431678522421748, -1221.191340760446337 ], [ 655.926014459921475, -1219.685676697946064 ], [ 653.377967584920839, -1216.365494406278685 ], [ 653.416574355754278, -1210.806119406277276 ], [ 654.574777480754506, -1207.79479128127673 ], [ 657.277251439088445, -1204.551822531276002 ], [ 658.782915501588832, -1200.691145447941835 ], [ 660.288579564089105, -1199.455728781274956 ], [ 667.739686334924158, -1200.189257427108259 ], [ 673.91676966825878, -1201.733528260441972 ], [ 675.692681126592561, -1203.702473572942381 ], [ 677.391379043259576, -1203.625260031275729 ], [ 678.472368626593152, -1202.660090760442245 ], [ 681.09762904326044, -1201.617707947941881 ], [ 681.483696751593925, -1200.613931906274956 ], [ 683.645675918261077, -1200.575325135441744 ], [ 685.382980605761418, -1203.200585552109033 ], [ 687.122681693519439, -1204.609969213110617 ], [ 687.506353001595244, -1206.211913677109578 ], [ 688.548735814095494, -1207.75618451044329 ], [ 688.239881647428774, -1213.315559510444473 ], [ 689.62972539742907, -1214.550976177111579 ], [ 693.06572800159654, -1214.4737626354447 ], [ 693.760649876596631, -1213.585806906277867 ], [ 695.227707168263692, -1213.392773052111124 ], [ 695.613774876597063, -1212.582030864610942 ], [ 701.134543105764919, -1212.54342409377773 ], [ 702.408566543265238, -1211.308007427110851 ], [ 702.485780084932117, -1206.945442322942881 ], [ 700.632655084931685, -1204.281575135442154 ], [ 700.555441543265033, -1198.065885031274092 ], [ 701.288970189098563, -1197.448176697940653 ], [ 702.50508347034895, -1194.456151958356486 ], [ 704.396815241182708, -1194.687792583356668 ], [ 707.716997532850087, -1189.630305604188834 ], [ 711.654888157850792, -1189.707519145855713 ], [ 711.616281387017466, -1196.733951437523956 ], [ 713.430799616184459, -1198.432649354190971 ], [ 716.519341282851883, -1196.232063416690607 ], [ 719.723703262019512, -1192.487206645856531 ], [ 724.781190241187232, -1192.525813416689743 ], [ 725.476112116187437, -1188.472102479188834 ], [ 726.286854303687619, -1187.62275352085544 ], [ 726.788742324521081, -1183.491829041687879 ], [ 728.641867324521513, -1182.603873312520818 ], [ 729.336789199521604, -1181.407063416687379 ], [ 729.220968887021741, -1176.812857687519681 ], [ 730.379172012022082, -1175.538834250019363 ], [ 730.108924616188688, -1172.759146750018772 ], [ 732.463937637022809, -1172.720539979186015 ], [ 733.583533991189711, -1173.724316020852939 ], [ 735.977153782856817, -1173.608495708353075 ], [ 737.560031387023855, -1175.423013937520182 ], [ 739.528976699524264, -1175.693261333353576 ], [ 741.575135553691439, -1173.569888937519863 ], [ 741.343494928691371, -1170.635774354185742 ], [ 746.555408991192508, -1170.481347270852439 ], [ 747.481971491192439, -1171.639550395852666 ], [ 749.219276178692894, -1171.600943625019227 ], [ 750.647726699526515, -1169.361750916685423 ], [ 752.616672012026925, -1167.89469362501859 ], [ 755.546097656256961, -1166.980055319584835 ], [ 756.322922012027789, -1169.091503520852029 ], [ 759.218429824528471, -1171.600943625018999 ], [ 759.450070449528425, -1174.22620404168606 ], [ 760.45384649119535, -1174.882519145852939 ], [ 760.588970189112047, -1182.198502218771637 ], [ 762.53861211619585, -1183.318098572938425 ], [ 766.688839980780017, -1185.499381125022182 ], [ 769.43525278580978, -1185.499357148831905 ], [ 769.815988418280881, -1186.503157166690016 ], [ 774.32561441300038, -1186.55029472247702 ], [ 774.680441543281972, -1187.468326437523501 ], [ 777.575949355783109, -1189.514485291690562 ], [ 782.247368626617572, -1189.360058208357259 ], [ 784.11979701203461, -1188.607226177107123 ], [ 785.47103399120158, -1186.503157166690016 ], [ 785.567550918285292, -1183.665559510438925 ], [ 786.764360814118959, -1183.43391888543897 ], [ 788.463058730785974, -1184.650032166689243 ], [ 791.821847793286565, -1187.526236593773774 ], [ 793.790793105786975, -1188.530012635440698 ], [ 797.342616022454536, -1188.60722617710735 ], [ 798.539425918288089, -1187.526236593773774 ], [ 800.70140508495524, -1187.487629822940335 ], [ 803.789946751622551, -1185.402864197939834 ], [ 806.029139459956355, -1185.402864197939834 ], [ 809.552420247300688, -1187.496516204857926 ], [ 811.820155084957719, -1192.62233034377482 ], [ 814.445415501625007, -1194.243814718775184 ], [ 818.807980605792636, -1195.440624614608851 ], [ 827.494504043294796, -1195.440624614608396 ], [ 827.571717584961448, -1193.703319927108168 ], [ 825.332524876627645, -1190.228710552107259 ], [ 825.757199355794341, -1185.673111593773001 ], [ 828.652707168295024, -1184.630728781272637 ], [ 830.698866022462084, -1186.406640239606531 ], [ 835.331678522463221, -1188.491405864606804 ], [ 839.037928522463972, -1188.607226177106895 ], [ 841.585975397464836, -1190.53756471877432 ], [ 855.098345189134534, -1190.460351177107668 ], [ 857.955246230801777, -1188.491405864607259 ], [ 860.040011855802277, -1189.34075482294088 ], [ 866.33291550163699, -1189.495181906274183 ], [ 867.954399876637353, -1187.757877218773729 ], [ 870.386626439137899, -1187.526236593773774 ], [ 871.54482956413824, -1188.336978781273956 ], [ 871.506222793304801, -1191.348306906274729 ], [ 873.590988418305301, -1193.587499614608532 ], [ 876.525103001639309, -1193.433072531275002 ], [ 877.413058730806142, -1191.927408468774729 ], [ 879.536431126639968, -1190.653385031274411 ], [ 886.099582168308643, -1190.614778260441199 ], [ 888.609022272475841, -1192.81536419794179 ], [ 888.879269668309234, -1198.606379822943154 ], [ 896.368983209977614, -1198.606379822943154 ], [ 897.604399876644493, -1197.56399701044279 ], [ 900.4095191723178, -1197.575721272369947 ], [ 901.542290501645653, -1199.532942322943427 ], [ 910.383241022481002, -1199.339908468776684 ], [ 915.67236862664879, -1196.598827739609305 ], [ 943.893918105821854, -1197.37096315627582 ], [ 945.631222793322195, -1197.718424093775866 ], [ 947.36852748082265, -1194.16660117710876 ], [ 947.638774876656043, -1180.345377218772455 ], [ 948.488123834989551, -1178.376431906272046 ], [ 948.874191543322922, -1175.480924093771364 ], [ 952.773475397490529, -1175.442317322937924 ], [ 956.292426452228369, -1178.748887522381892 ], [ 959.857817845408817, -1183.935806906273683 ], [ 958.603097793325333, -1186.001269145857805 ], [ 958.467974095408636, -1189.49518190627532 ], [ 957.541411595408363, -1190.84641888544229 ], [ 958.352153782908772, -1192.603026958358896 ], [ 963.397286907533271, -1192.388080696714269 ], [ 964.336203262076765, -1193.761230083359123 ], [ 964.365264073448884, -1197.100251732449124 ], [ 966.768429824577311, -1200.633235291694064 ], [ 969.432297012077925, -1199.513638937527048 ], [ 972.48223190791191, -1195.53714154169279 ], [ 977.410713536388698, -1195.596496815812998 ], [ 978.697922012079857, -1197.428873312526548 ], [ 986.187635553748123, -1197.737727479193154 ], [ 991.824224095416071, -1200.362987895860442 ], [ 996.109575657917048, -1200.401594666693882 ], [ 998.271554824584086, -1199.513638937527276 ], [ 1001.437310032918049, -1195.537141541693018 ], [ 1006.533403782919208, -1193.02770143752582 ], [ 1008.733989720419686, -1197.313053000026684 ], [ 1009.583338678753194, -1199.301301697943245 ], [ 1011.513677220420277, -1202.370539979194064 ], [ 1014.563612116254262, -1205.266047791694746 ], [ 1017.922401178754853, -1206.540071229194609 ], [ 1023.867843887089521, -1206.540071229194609 ], [ 1029.041151178757445, -1203.605956645860715 ], [ 1032.284119928758173, -1203.451529562527412 ], [ 1033.635388678332902, -1205.243990949584713 ], [ 1039.13538867833654, -1204.931490949584486 ], [ 1041.072888678338131, -1206.368990949585623 ], [ 1042.291638678338813, -1210.556490949588806 ], [ 1045.510388678341087, -1213.86899094959108 ], [ 1048.095229158409211, -1217.39780598546804 ], [ 1053.979138678346999, -1222.587740949596764 ], [ 1056.16663867834859, -1226.462740949599493 ], [ 1056.16663867834859, -1231.462740949602903 ], [ 1053.604138678346771, -1235.087740949605404 ], [ 1051.22913867834518, -1235.900240949605859 ], [ 1039.760388678337449, -1240.40024094960927 ], [ 1033.791638678332902, -1242.837740949610861 ], [ 1026.625096185508028, -1249.231129785815028 ], [ 1026.260388678328354, -1252.181490949617 ], [ 1016.780080691885701, -1252.381407202660057 ] ] ], [ [ [ 710.19788867811144, -1670.868990949903491 ], [ 710.072888678111326, -1675.118990949906447 ], [ 707.260388678109393, -1678.806490949908948 ], [ 704.760388678107688, -1678.993990949908948 ], [ 695.322888678101322, -1675.931490949906674 ], [ 688.135388678096433, -1676.056490949906902 ], [ 685.197888678094387, -1678.931490949908721 ], [ 681.572888678091886, -1679.118990949908948 ], [ 676.572888678088475, -1676.493990949907129 ], [ 662.010388678078471, -1675.931490949906674 ], [ 661.072888678077902, -1672.743990949904628 ], [ 663.947888678079721, -1664.806490949899171 ], [ 667.041638678081881, -1664.775240949899171 ], [ 671.916638678085292, -1667.52524094990099 ], [ 675.541638678087679, -1664.962740949899398 ], [ 676.04163867808802, -1661.587740949896897 ], [ 673.854138678086542, -1657.431490949894396 ], [ 674.19788867808677, -1653.993990949892122 ], [ 678.979138678090067, -1650.275240949889621 ], [ 684.322888678093705, -1645.806490949886211 ], [ 687.760388678096092, -1645.681490949886211 ], [ 691.510388678098707, -1650.056490949889167 ], [ 693.635388678100071, -1656.368990949893487 ], [ 696.760388678102231, -1661.556490949897125 ], [ 701.760388678105642, -1662.993990949898034 ], [ 707.260388678109393, -1665.931490949900081 ], [ 710.19788867811144, -1670.868990949903491 ] ] ], [ [ [ 752.916638678140771, -1729.712740949943054 ], [ 748.604138678137815, -1727.962740949941917 ], [ 746.479138678136337, -1724.712740949939644 ], [ 743.416638678134291, -1721.462740949937597 ], [ 737.416638678130198, -1718.962740949936006 ], [ 737.041638678129857, -1717.087740949934641 ], [ 741.416638678132927, -1712.275240949931458 ], [ 742.91663867813395, -1708.46274094992873 ], [ 743.291638678134177, -1703.087740949925092 ], [ 745.916638678135996, -1700.400240949923273 ], [ 746.822888678136565, -1702.712740949923955 ], [ 753.166638678140998, -1703.275240949924864 ], [ 758.229138678144409, -1706.962740949927593 ], [ 763.22913867814782, -1705.837740949926683 ], [ 766.35413867814998, -1701.400240949923727 ], [ 769.854138678152367, -1699.400240949922363 ], [ 773.729138678154982, -1697.337740949920999 ], [ 775.104138678156005, -1703.837740949925319 ], [ 770.229138678152594, -1712.150240949931003 ], [ 767.416638678150775, -1718.712740949935551 ], [ 763.979138678148388, -1725.462740949940098 ], [ 759.666638678145432, -1726.150240949940553 ], [ 756.604138678143272, -1729.837740949943282 ], [ 752.916638678140771, -1729.712740949943054 ] ] ], [ [ [ 789.447888678165441, -1765.150240949966928 ], [ 787.447888678164077, -1759.650240949963063 ], [ 786.135388678163167, -1754.400240949959652 ], [ 783.682152281968229, -1752.265363475408321 ], [ 780.822888678159529, -1752.275240949958061 ], [ 778.010388678157597, -1750.275240949956697 ], [ 777.94788867815771, -1747.27524094995465 ], [ 780.447888678159416, -1747.21274094995465 ], [ 783.010388678161121, -1748.46274094995556 ], [ 785.260388678162712, -1746.962740949954423 ], [ 802.885388678174763, -1746.775240949954423 ], [ 807.510388678177947, -1744.087740949952604 ], [ 814.510388678182721, -1744.337740949952604 ], [ 812.822888678181585, -1750.900240949957151 ], [ 808.010388678178288, -1753.46274094995897 ], [ 801.760388678173967, -1757.900240949961926 ], [ 798.260388678171466, -1758.212740949962154 ], [ 797.197888678170671, -1760.087740949963518 ], [ 794.072888678168624, -1765.087740949966928 ], [ 789.447888678165441, -1765.150240949966928 ] ] ], [ [ [ 826.510388678190793, -1778.775240949976251 ], [ 829.51038867819284, -1780.587740949977615 ], [ 833.322888678195454, -1788.462740949982845 ], [ 831.197888678193976, -1795.712740949987847 ], [ 823.135388678188519, -1797.962740949989438 ], [ 814.760388678182721, -1798.275240949989666 ], [ 813.947888678182153, -1793.337740949986255 ], [ 817.947888678184881, -1787.58774094998239 ], [ 818.010388678184995, -1780.400240949977388 ], [ 821.135388678187155, -1778.900240949976478 ], [ 826.510388678190793, -1778.775240949976251 ] ] ], [ [ [ 777.82288867815771, -1806.462740949995123 ], [ 779.510388678158733, -1804.962740949994213 ], [ 782.57288867816078, -1804.837740949994213 ], [ 788.697888678164986, -1808.900240949996942 ], [ 788.8228886781651, -1815.775240950001717 ], [ 790.197888678166009, -1818.275240950003536 ], [ 789.260388678165441, -1824.837740950007856 ], [ 786.885388678163849, -1823.712740950007174 ], [ 784.385388678162144, -1819.837740950004445 ], [ 779.697888678158961, -1817.525240950002853 ], [ 777.322888678157369, -1816.087740950001944 ], [ 780.072888678159188, -1811.712740949998761 ], [ 777.82288867815771, -1806.462740949995123 ] ] ], [ [ [ 759.385388678145091, -1895.306490950055831 ], [ 756.482087915512011, -1893.187866069215488 ], [ 753.072888678140771, -1891.74399095005333 ], [ 752.447888678140316, -1890.243990950052194 ], [ 753.385388678140998, -1887.993990950050829 ], [ 756.010388678142704, -1887.368990950050375 ], [ 757.197888678143613, -1882.118990950046737 ], [ 761.197888678146342, -1880.056490950045372 ], [ 764.260388678148388, -1880.306490950045372 ], [ 765.26038867814907, -1883.056490950047419 ], [ 762.885388678147478, -1888.431490950051057 ], [ 764.385388678148502, -1894.118990950054922 ], [ 763.260388678147706, -1895.181490950055604 ], [ 759.385388678145091, -1895.306490950055831 ] ] ], [ [ [ 792.822888678167942, -1932.46274095008107 ], [ 794.322888678168965, -1929.587740950079251 ], [ 789.510388678165668, -1924.025240950075386 ], [ 791.572888678167033, -1921.587740950073794 ], [ 795.635388678169875, -1921.962740950074021 ], [ 799.260388678172376, -1924.212740950075613 ], [ 800.135388678172944, -1928.462740950078341 ], [ 799.197888678172262, -1930.587740950079933 ], [ 795.510388678169761, -1938.77524095008539 ], [ 790.072888678166009, -1938.77524095008539 ], [ 788.260388678164759, -1937.087740950084253 ], [ 788.010388678164645, -1934.462740950082434 ], [ 792.822888678167942, -1932.46274095008107 ] ] ], [ [ [ 799.447888678172376, -1919.087740950071748 ], [ 797.135388678170784, -1918.900240950071748 ], [ 797.260388678170898, -1915.025240950069019 ], [ 800.947888678173399, -1908.650240950064699 ], [ 804.760388678176128, -1904.962740950061971 ], [ 809.572888678179424, -1901.150240950059242 ], [ 810.760388678180334, -1898.525240950057423 ], [ 808.88538867817897, -1896.275240950056059 ], [ 801.822888678174195, -1892.27524095005333 ], [ 799.072888678172262, -1889.775240950051511 ], [ 798.822888678172149, -1885.212740950048328 ], [ 805.135388678176355, -1877.900240950043326 ], [ 809.135388678179083, -1872.650240950039688 ], [ 810.135388678179766, -1870.087740950038096 ], [ 809.916638678179538, -1861.43149095003173 ], [ 812.16663867818113, -1857.681490950029229 ], [ 811.604138678180789, -1855.431490950028092 ], [ 805.79163867817681, -1852.056490950025818 ], [ 802.010388678174195, -1851.837740950025591 ], [ 797.010388678170784, -1849.087740950023772 ], [ 793.354138678168397, -1847.150240950021953 ], [ 790.979138678166805, -1841.462740950018087 ], [ 791.854138678167374, -1838.587740950016268 ], [ 796.10413867817033, -1832.775240950012176 ], [ 796.979138678170898, -1828.962740950009447 ], [ 797.479138678171239, -1819.337740950002853 ], [ 799.35413867817249, -1816.275240950000807 ], [ 813.479138678182267, -1816.962740950001034 ], [ 816.854138678184654, -1818.837740950002399 ], [ 824.104138678189543, -1819.212740950002626 ], [ 828.729138678192726, -1822.275240950004672 ], [ 830.979138678194317, -1825.337740950006946 ], [ 835.854138678197614, -1823.212740950005355 ], [ 838.416638678199433, -1823.212740950005355 ], [ 843.166638678202617, -1828.150240950008765 ], [ 842.979138678202503, -1832.962740950012176 ], [ 842.316916588369281, -1835.181983878407664 ], [ 842.104138678201934, -1840.337740950017178 ], [ 844.229138678203412, -1842.83774095001877 ], [ 845.916638678204549, -1846.775240950021498 ], [ 845.854138678204549, -1851.025240950024454 ], [ 842.041638678201934, -1854.525240950026955 ], [ 836.604138678198183, -1850.337740950023999 ], [ 832.666638678195568, -1850.087740950023772 ], [ 834.229138678196591, -1856.150240950028092 ], [ 838.229138678199433, -1860.27524095003082 ], [ 841.916638678201934, -1863.525240950033094 ], [ 841.979138678202048, -1889.462740950050829 ], [ 840.692163087172617, -1891.762011049203693 ], [ 837.416638678198979, -1892.962740950053103 ], [ 831.541638678194886, -1893.025240950053103 ], [ 827.604138678192271, -1889.712740950050829 ], [ 824.854138678190338, -1884.275240950047191 ], [ 822.041638678188406, -1879.962740950044235 ], [ 818.104138678185791, -1880.087740950044235 ], [ 819.5416386781867, -1884.962740950047646 ], [ 822.854138678188974, -1891.587740950052194 ], [ 822.104138678188406, -1901.150240950058787 ], [ 817.354138678185222, -1905.650240950061971 ], [ 816.76804281208581, -1908.441547014695971 ], [ 819.104138678186359, -1910.775240950065381 ], [ 822.916638678188974, -1911.275240950065609 ], [ 824.916638678190452, -1913.837740950067428 ], [ 828.854138678193067, -1919.650240950071293 ], [ 831.416638678194886, -1920.212740950071748 ], [ 839.79163867820057, -1920.462740950071975 ], [ 841.479138678201707, -1922.337740950073112 ], [ 840.854138678201366, -1930.025240950078341 ], [ 843.166638678202958, -1932.462740950079933 ], [ 843.041638678202844, -1937.650240950083571 ], [ 839.104138678200115, -1942.837740950087209 ], [ 830.673615020604984, -1944.820396765039504 ], [ 824.541638678190225, -1944.962740950088573 ], [ 820.291638678187383, -1949.993990950091757 ], [ 817.291638678185336, -1950.993990950092439 ], [ 808.010388678178288, -1950.150240950093348 ], [ 808.260388678178515, -1947.275240950091302 ], [ 810.260388678179879, -1943.525240950088801 ], [ 810.197888678179766, -1937.462740950084708 ], [ 811.135388678180448, -1935.337740950083116 ], [ 811.135388678180334, -1930.400240950079478 ], [ 807.322888678177719, -1923.587740950074931 ], [ 802.572888678174536, -1920.712740950072885 ], [ 799.447888678172376, -1919.087740950071748 ] ] ], [ [ [ 783.697888678162258, -1627.931490949870977 ], [ 782.104138678161121, -1630.71274094987325 ], [ 777.854138678158165, -1633.993990949875524 ], [ 772.854138678154754, -1638.025240949878253 ], [ 765.041638678149411, -1638.025240949878253 ], [ 763.104138678148161, -1637.056490949877571 ], [ 763.229138678148161, -1633.087740949874842 ], [ 762.166638678147478, -1630.900240949873478 ], [ 759.760388678145773, -1628.775240949872114 ], [ 755.604138678142931, -1625.49399094986984 ], [ 754.104138678141908, -1621.712740949867339 ], [ 754.041638678141908, -1618.743990949865292 ], [ 756.291638678143386, -1614.431490949862336 ], [ 758.22913867814475, -1611.650240949860518 ], [ 761.557263678147137, -1611.009615949858699 ], [ 764.60413867814907, -1616.431490949863019 ], [ 770.91663867815339, -1617.712740949863928 ], [ 774.541638678155891, -1621.618990949866429 ], [ 781.322181512547445, -1624.488972345159482 ], [ 784.197888678162485, -1626.087740949869612 ], [ 783.697888678162258, -1627.931490949870977 ] ] ], [ [ [ 760.088513678146001, -1548.228365949815952 ], [ 770.276013678153049, -1548.228365949815952 ], [ 774.651013678156005, -1550.978365949817771 ], [ 775.713513678156687, -1557.915865949822546 ], [ 778.713513678158847, -1560.290865949824138 ], [ 779.276013678159302, -1566.040865949827776 ], [ 777.02601367815771, -1568.915865949829822 ], [ 774.151013678155778, -1575.165865949834142 ], [ 771.151013678153731, -1575.040865949834142 ], [ 769.151013678152367, -1573.165865949832778 ], [ 765.338513678149752, -1573.165865949832778 ], [ 760.838513678146683, -1575.978365949834597 ], [ 756.838513678143954, -1579.040865949836871 ], [ 752.713513678141112, -1579.165865949836871 ], [ 751.338513678140203, -1579.790865949837325 ], [ 741.401013678133381, -1579.915865949837325 ], [ 739.213513678131903, -1580.978365949838008 ], [ 731.588513678126674, -1580.978365949838008 ], [ 727.838513678124059, -1579.853365949837325 ], [ 723.088513678120876, -1580.103365949837553 ], [ 720.838513678119284, -1583.228365949839599 ], [ 718.213513678117465, -1583.040865949839372 ], [ 714.963513678115305, -1575.47836594983437 ], [ 712.81677741652743, -1566.874383314105444 ], [ 710.276013678112122, -1561.165865949824592 ], [ 707.588513678110189, -1557.415865949821864 ], [ 703.651013678107574, -1552.290865949818453 ], [ 704.463513678108029, -1547.478365949815043 ], [ 707.088513678109734, -1543.915865949812542 ], [ 717.026013678116556, -1544.040865949812769 ], [ 721.776013678119853, -1546.478365949814361 ], [ 733.651013678127924, -1545.853365949814361 ], [ 736.838513678130198, -1544.728365949813451 ], [ 744.2135136781352, -1545.353365949813906 ], [ 760.088513678146001, -1548.228365949815952 ] ] ], [ [ [ 763.526013678148388, -1479.915865949768659 ], [ 769.02601367815214, -1477.16586594976684 ], [ 781.963513678161007, -1477.290865949767067 ], [ 783.151013678161803, -1478.915865949767976 ], [ 783.151013678161803, -1482.790865949770705 ], [ 780.21351367815987, -1486.353365949773206 ], [ 779.901013678159643, -1501.22836594978321 ], [ 777.463513678157938, -1502.228365949783893 ], [ 774.336239381671589, -1501.940579971579609 ], [ 772.526013678154641, -1498.290865949781164 ], [ 770.71351367815339, -1496.728365949780027 ], [ 770.026013678152935, -1493.290865949777753 ], [ 767.213513678151003, -1493.040865949777526 ], [ 763.963513678148729, -1498.415865949781164 ], [ 764.088513678148729, -1506.790865949786848 ], [ 761.963513678147365, -1508.728365949788213 ], [ 755.338513678142817, -1508.853365949788213 ], [ 752.369763678140771, -1504.228365949785257 ], [ 749.834399611412209, -1501.997245571064013 ], [ 747.932263678137701, -1502.259615949783893 ], [ 746.901013678136906, -1499.415865949781846 ], [ 750.963513678139748, -1496.4158659497798 ], [ 755.338513678142817, -1494.353365949778436 ], [ 759.151013678145432, -1490.04086594977548 ], [ 760.276013678146114, -1483.478365949770932 ], [ 763.526013678148388, -1479.915865949768659 ] ] ], [ [ [ 832.244763678195341, -1449.009615949747513 ], [ 845.744763678204549, -1448.884615949747513 ], [ 849.682263678207278, -1455.822115949752288 ], [ 850.932263678208187, -1456.447115949752515 ], [ 851.307263678208415, -1459.572115949754789 ], [ 855.744763678211484, -1463.072115949757062 ], [ 859.869763678214213, -1463.25961594975729 ], [ 869.61976367822092, -1458.509615949754107 ], [ 874.18226367822399, -1455.009615949751606 ], [ 878.932263678227287, -1449.134615949747513 ], [ 884.932263678231266, -1449.00961594974774 ], [ 888.244763678233539, -1451.509615949749332 ], [ 900.807263678242066, -1451.134615949749104 ], [ 902.619763678243316, -1456.447115949752742 ], [ 907.994763678246954, -1461.072115949755926 ], [ 907.807263678246841, -1471.884615949763429 ], [ 903.119763678243658, -1478.447115949767976 ], [ 900.807263678242066, -1484.009615949771614 ], [ 896.057263678238769, -1489.63461594977548 ], [ 892.244763678236268, -1497.447115949780937 ], [ 892.307263678236154, -1503.322115949784802 ], [ 895.369763678238314, -1506.322115949786848 ], [ 899.994763678241611, -1508.259615949788213 ], [ 901.807263678242862, -1512.697115949791169 ], [ 903.99476367824434, -1523.572115949798444 ], [ 907.4322636782465, -1530.822115949803447 ], [ 909.307263678247864, -1533.759615949805493 ], [ 915.057263678251729, -1537.259615949807767 ], [ 921.80726367825639, -1540.259615949809813 ], [ 922.119763678256732, -1544.572115949812769 ], [ 915.932263678252411, -1553.884615949819135 ], [ 912.838513678250479, -1561.884615949824592 ], [ 909.463513678248205, -1566.009615949826866 ], [ 906.151013678245931, -1567.75961594982823 ], [ 901.838513678242975, -1571.072115949830277 ], [ 897.463513678239906, -1570.947115949830277 ], [ 894.352853319190217, -1567.455969366283625 ], [ 892.088513678236268, -1566.759615949827548 ], [ 890.339231054268794, -1564.758988699832116 ], [ 889.151013678234222, -1561.69711594982391 ], [ 887.213513678232971, -1562.009615949824138 ], [ 884.463513678231038, -1564.947115949826184 ], [ 877.401013678226036, -1565.197115949826411 ], [ 875.475743329009106, -1562.58586833270283 ], [ 873.588513678223421, -1558.697115949821864 ], [ 870.151927640281542, -1554.103392927202094 ], [ 866.026013678218419, -1556.322115949820045 ], [ 865.463513678218078, -1560.447115949823001 ], [ 861.088513678215008, -1564.759615949825957 ], [ 852.776013678209324, -1565.322115949826411 ], [ 849.151013678206937, -1567.009615949827548 ], [ 849.088513678206823, -1568.759615949828685 ], [ 852.58851367820921, -1571.572115949830504 ], [ 857.151013678212394, -1573.759615949832096 ], [ 859.588513678213985, -1577.884615949835052 ], [ 859.776013678214099, -1583.00961594983869 ], [ 858.276013678213076, -1584.947115949839826 ], [ 854.963513678210802, -1587.259615949841418 ], [ 855.119763678210802, -1591.040865949843919 ], [ 859.088513678213531, -1601.009615949850513 ], [ 861.213513678215008, -1606.009615949853924 ], [ 862.213513678215577, -1610.82211594985688 ], [ 860.088513678214099, -1612.822115949858244 ], [ 857.963513678212621, -1616.322115949860745 ], [ 841.463513678201366, -1618.322115949862109 ], [ 839.088513678199774, -1619.447115949862564 ], [ 830.401013678193863, -1620.197115949863246 ], [ 824.213513678189543, -1615.853365949859835 ], [ 819.276013678186132, -1615.009615949859153 ], [ 811.026013678180448, -1611.009615949856425 ], [ 806.213513678177264, -1610.32211594985597 ], [ 802.213513678174536, -1606.009615949853014 ], [ 800.401013678173285, -1599.009615949848239 ], [ 799.463513678172603, -1593.697115949844601 ], [ 796.401013678170557, -1592.384615949843692 ], [ 789.338513678165555, -1590.009615949841873 ], [ 790.46351367816635, -1587.947115949840509 ], [ 798.588513678171921, -1584.447115949838235 ], [ 801.401013678173854, -1579.572115949834824 ], [ 803.151013678175104, -1577.884615949833687 ], [ 803.289589055656847, -1572.014362609764703 ], [ 806.744763678177378, -1566.353365949825957 ], [ 806.663470004802434, -1558.358641258859734 ], [ 809.182263678179083, -1554.603365949817544 ], [ 807.744763678178288, -1550.915865949815043 ], [ 811.119763678180675, -1546.82211594981186 ], [ 810.892101625132, -1543.483954916155426 ], [ 815.682263678183858, -1541.009615949807767 ], [ 816.057263678184086, -1536.259615949804584 ], [ 802.24476367817465, -1535.572115949804129 ], [ 799.869763678172944, -1528.509615949799354 ], [ 795.682263678170102, -1522.947115949795489 ], [ 792.682263678168056, -1516.197115949791169 ], [ 793.2057487053263, -1514.265982189317583 ], [ 797.307263678171239, -1511.697115949787985 ], [ 800.119763678173172, -1507.384615949785029 ], [ 799.807263678172944, -1503.322115949782301 ], [ 796.11976367817033, -1494.884615949776617 ], [ 796.244763678170443, -1484.509615949769341 ], [ 798.05726367817158, -1478.009615949764793 ], [ 801.619763678174081, -1470.572115949759564 ], [ 805.744763678177151, -1468.009615949760246 ], [ 814.182263678182949, -1459.322115949754334 ], [ 818.182263678185677, -1456.07211594975206 ], [ 823.807263678189543, -1452.072115949749559 ], [ 832.244763678195341, -1449.009615949747513 ] ] ], [ [ [ 885.994763678231834, -1613.384615949857334 ], [ 887.11976367823263, -1605.07211594985165 ], [ 890.057263678234676, -1600.072115949848239 ], [ 894.119763678237405, -1596.009615949845511 ], [ 898.244763678240247, -1594.759615949844374 ], [ 900.307263678241725, -1592.50961594984301 ], [ 900.869763678242066, -1587.759615949839599 ], [ 918.369763678254003, -1587.884615949839826 ], [ 919.244763678254685, -1585.447115949838008 ], [ 918.244763678254003, -1580.884615949835052 ], [ 918.55726367825423, -1577.322115949832551 ], [ 924.182263678257982, -1570.884615949828003 ], [ 924.213513678258096, -1565.60336594982482 ], [ 927.463513678260369, -1558.853365949820045 ], [ 929.526013678261734, -1555.165865949817544 ], [ 934.151013678264917, -1551.79086594981527 ], [ 940.08851367826901, -1549.853365949813906 ], [ 941.588513678270033, -1548.853365949813224 ], [ 945.463513678272648, -1551.040865949814815 ], [ 950.151013678275717, -1550.728365949814588 ], [ 953.901013678278332, -1550.103365949814133 ], [ 958.463513678281402, -1544.915865949810723 ], [ 962.901013678284471, -1542.228365949808904 ], [ 966.151013678286972, -1540.228365949808222 ], [ 968.776013678288678, -1535.290865949804811 ], [ 973.338513678291861, -1533.103365949803219 ], [ 985.026013678299705, -1533.290865949803219 ], [ 988.213513678301865, -1534.853365949804356 ], [ 992.02601367830448, -1541.040865949808676 ], [ 996.713513678307663, -1550.478365949815043 ], [ 999.401013678309482, -1554.290865949817544 ], [ 998.651013678308914, -1562.790865949823228 ], [ 996.151013678307208, -1566.790865949825957 ], [ 994.060702911089606, -1567.766775410880655 ], [ 988.90101367830232, -1571.853365949829595 ], [ 985.371540330145422, -1573.449225985779776 ], [ 977.088513678294362, -1576.228365949832551 ], [ 972.713513678291292, -1579.165865949834597 ], [ 954.026013678278673, -1579.290865949834597 ], [ 950.588513678276513, -1583.103365949836871 ], [ 945.776013678273102, -1589.228365949841191 ], [ 941.151013678270033, -1596.478365949846193 ], [ 936.213513678266622, -1601.978365949849831 ], [ 932.463513678264007, -1605.103365949852105 ], [ 928.126328906214553, -1606.481558829617825 ], [ 926.151013678259574, -1609.915865949855061 ], [ 923.838513678257982, -1614.790865949858471 ], [ 923.588513678257755, -1619.915865949862109 ], [ 921.776013678256504, -1623.103365949864155 ], [ 918.151013678254003, -1623.978365949864838 ], [ 910.901013678249001, -1618.165865949860745 ], [ 905.526013678245249, -1617.290865949859835 ], [ 902.424717823693186, -1617.908590864709367 ], [ 897.588513678239792, -1620.853365949862336 ], [ 892.088513678236041, -1623.790865949864383 ], [ 885.463513678231493, -1626.415865949866202 ], [ 881.682263678228765, -1628.165865949867566 ], [ 879.463513678227287, -1628.103365949867566 ], [ 879.088513678226946, -1626.040865949865974 ], [ 875.713513678224672, -1625.415865949865747 ], [ 874.932263678224217, -1623.384615949864155 ], [ 876.119763678225127, -1620.072115949862109 ], [ 880.369763678227969, -1616.322115949859381 ], [ 885.994763678231834, -1613.384615949857334 ] ] ], [ [ [ 949.776013678276058, -1409.415865949716817 ], [ 954.526013678279242, -1407.665865949715453 ], [ 959.463513678282652, -1407.97836594971568 ], [ 961.901013678284357, -1413.540865949719546 ], [ 965.526013678286859, -1416.353365949721365 ], [ 965.026013678286517, -1420.790865949724548 ], [ 962.90101367828504, -1424.790865949727277 ], [ 959.213513678282425, -1427.478365949729096 ], [ 951.088513678276854, -1429.165865949730232 ], [ 949.02601367827549, -1432.665865949732733 ], [ 945.90101367827333, -1434.04086594973387 ], [ 941.151013678270033, -1434.10336594973387 ], [ 939.838513678269123, -1432.665865949732733 ], [ 939.629744395092189, -1429.680465200302478 ], [ 941.213513678270147, -1427.91586594972955 ], [ 941.276013678270147, -1422.353365949725685 ], [ 938.588513678268328, -1419.040865949723411 ], [ 933.40101367826469, -1415.853365949721137 ], [ 933.776013678265031, -1410.165865949717272 ], [ 937.963513678267873, -1405.853365949714316 ], [ 941.838513678270601, -1406.790865949714998 ], [ 949.776013678276058, -1409.415865949716817 ] ] ], [ [ [ 1021.526013678325285, -1354.978365949678619 ], [ 1021.088513678324944, -1357.790865949680438 ], [ 1015.463513678321078, -1361.228365949682939 ], [ 1011.026013678318122, -1364.103365949684758 ], [ 1009.401013678316986, -1370.10336594968885 ], [ 1012.088513678318805, -1374.103365949691579 ], [ 1019.213513678323693, -1374.103365949691579 ], [ 1018.651013678323352, -1368.728365949687941 ], [ 1020.213513678324375, -1363.978365949684758 ], [ 1023.276013678326535, -1364.165865949684758 ], [ 1027.151013678329036, -1368.415865949687714 ], [ 1028.047225379587644, -1371.915710922583685 ], [ 1031.526013678331992, -1378.290865949694307 ], [ 1030.901013678331537, -1383.790865949698173 ], [ 1027.026013678329036, -1384.915865949698855 ], [ 1022.276013678325626, -1388.415865949701356 ], [ 1021.838513678325398, -1392.540865949704084 ], [ 1023.588513678326535, -1395.165865949705903 ], [ 1019.026013678323466, -1398.228365949708177 ], [ 1015.463513678320965, -1398.415865949708177 ], [ 1011.838513678318463, -1396.85336594970704 ], [ 1009.838513678317099, -1393.040865949705221 ], [ 1005.088513678313802, -1389.66586594970272 ], [ 1002.401013678311983, -1386.478365949700674 ], [ 999.026013678309596, -1381.478365949697263 ], [ 999.276013678309937, -1372.415865949690897 ], [ 996.213513678307777, -1365.415865949686122 ], [ 995.401013678307208, -1360.915865949682939 ], [ 997.276013678308573, -1358.22836594968112 ], [ 1001.838513678311642, -1355.790865949679528 ], [ 1005.27601367831403, -1354.978365949678846 ], [ 1008.088513678315962, -1352.728365949677254 ], [ 1017.71351367832267, -1352.978365949677482 ], [ 1021.526013678325285, -1354.978365949678619 ] ] ] ] } }
]
}
